username,source
007Carto,blockbuilder
00MIN00,blockbuilder
15Dkatz,blockbuilder
1Cr18Ni9,blockbuilder
1pixelzz,knight
1wheel,blocksplorer
35degrees,blockbuilder
3tskywalker,blockbuilder
4xDMG,blockbuilder
55hertz,blockbuilder
5C5,blockbuilder
6ewis,blockbuilder
7man10,blockbuilder
83line,blockbuilder
909010901,blockbuilder
910ken,blockbuilder
A6Brgeuka,blockbuilder
AJ-Mengistu,blockbuilder
ALeoLeonard,blockbuilder
AYADiSoufiene,blockbuilder
AaronWitter,blockbuilder
Abayoh,blockbuilder
Abechtel,knight
Abenchara,blockbuilder
AbsarF,blockbuilder
AdamBlaine1,blockbuilder
Adia-A,blockbuilder
Adlopez2016,blockbuilder
AgoraNousGit,blockbuilder
AkaneKinjo,blockbuilder
AlainRo,blockbuilder
AlexDovgan,blockbuilder
AlexSzymanczak,blockbuilder
AlexTrl,blockbuilder
AlexZ33,blockbuilder
AlexanderDavidson,blockbuilder
AlexanderPhysics,blockbuilder
Alexdef74307,blockbuilder
Alfsig,knight
AliceWi,blockbuilder
Allyaenn,blockbuilder
AnaMal08,blockbuilder
Ananda90,blockbuilder
Andrelton,blockbuilder
AndresAnayaIsaza,blockbuilder
AndresClavijo,blockbuilder
AngieLiang,blockbuilder
AnnekeDeetlefs,blockbuilder
AnniWis,blockbuilder
AntonLecock,blockbuilder
ArnaudStephanUNIL,blockbuilder
Association1p1,blockbuilder
AstroDocCarl,blockbuilder
Audree,knight
Aurelink,blockbuilder
Avidbandi,blockbuilder
Avithe1Nonly,blockbuilder
AyanGhatak,blockbuilder
BBischof,blockbuilder
BDAguila,blockbuilder
BTKY,blockbuilder
BartekDu,blockbuilder
BastiTee,blockbuilder
Bcohn,blockbuilder
Beaupe,blockbuilder
Bebersohl,blockbuilder
Becca18,blockbuilder
BenHeubl,blockbuilder
Bennettson,blockbuilder
BillalD,blockbuilder
BizzareCoder,blockbuilder
Blackglade,blockbuilder
BlueTwist,blockbuilder
BoOz,blockbuilder
BrandonStroud,blockbuilder
BrianJPR,blockbuilder
Brideau,blockbuilder
BrieLewis,blockbuilder
BruceHenry,blockbuilder
BrunoDumas,blockbuilder
BrunoSabos,blockbuilder
CBasis,blockbuilder
CEBerndsen,blockbuilder
CKschneid,blockbuilder
Caged,stackoverflow
Cameron-Grams,blockbuilder
CamilaAchury,blockbuilder
Cartophile,blockbuilder
CatLeal,knight
CatchingPebbles,knight
Catherine-Yu,blockbuilder
Cdcole,blockbuilder
Chai94,blockbuilder
Charisma9,blockbuilder
CharlesFr,blockbuilder
CharlesHe16,blockbuilder
ChrisLincoln,blockbuilder
ChrispyTwitch,blockbuilder
ChristopherMCollins,blockbuilder
ChristosT,blockbuilder
ChukaEbi,blockbuilder
CindyJonesHulfachor,knight
CisSasGot,blockbuilder
ClaraGriot,blockbuilder
Clevejones,knight
Cloudyss,blockbuilder
Codincamper,blockbuilder
ColinEberhardt,blockbuilder
ConchobarMacNessa,blockbuilder
Contrastat,knight
CoreyBurkhart,blockbuilder
Cristian-pg,blockbuilder
Crunchytoastmmm,blockbuilder
Cthulahoop,blockbuilder
CyberZafa,blockbuilder
DDDDDanica,blockbuilder
DStruths,stackoverflow
Dabbar,blockbuilder
Dahlya,knight
DanielleW,knight
DarMontou,blockbuilder
DariaDesiderata,blockbuilder
DarienLiang,blockbuilder
Darius9,blockbuilder
DelgadoPanadero,blockbuilder
Demonik2015,knight
Denko,knight
DerekCaelin,blockbuilder
DeryckRayanParker,blockbuilder
DigitalSplashMedia,knight
DimaYJ,knight
DinoJay,blockbuilder
DishTrain,blockbuilder
Docwali777,blockbuilder
DougManuel,blockbuilder
DriesBultynck,blockbuilder
DylanFM,blockbuilder
EE2dev,blockbuilder
EPBAH,blockbuilder
Ed190,blockbuilder
EfratVil,blockbuilder
EgorBrus,knight
Ekthelion,blockbuilder
ElaineYu,blockbuilder
EmbeddedMike,blockbuilder
EmbraceLife,blockbuilder
EoinMGB,blockbuilder
EstelleWalt,blockbuilder
EvertLagerberg,blockbuilder
Evryjazz,blockbuilder
FabioZabala,blockbuilder
FabricioRHS,blockbuilder
FanYang715,blockbuilder
Fandekasp,blockbuilder
Fasani,blockbuilder
Federicopvs,stackoverflow
Fil,blockbuilder
FloWuenne,blockbuilder
Flocons69,blockbuilder
Flokey82,blockbuilder
Fpalominos,blockbuilder
FrancoisDEAVEIRO,blockbuilder
FranklinChen,blockbuilder
Frankwarnakula,blockbuilder
Franny711,knight
Franramy,blockbuilder
FrieseWoudloper,knight
FrissAnalytics,blockbuilder
Frozenfire92,stackoverflow
GaijinCoach,blockbuilder
GangDuo,blockbuilder
GeetaAhuja,blockbuilder
GeneExplorer,blockbuilder
GeoWill,blockbuilder
GeorgeMcIntire,blockbuilder
GerHobbelt,stackoverflow
GerardoFurtado,blockbuilder
Giackgamba,blockbuilder
GitNoise,blockbuilder
GloriaYL,knight
Golodhros,blockbuilder
Goomble,blockbuilder
GordonDRobinson,knight
GordonSmith,blockbuilder
GordyD,blockbuilder
GraemeBingham,blockbuilder
GregKi,blockbuilder
Gregory-Howard,blockbuilder
GrigorM,blockbuilder
Grodewald,blockbuilder
Guerino1,stackoverflow
Hadiem,blockbuilder
HamishWoodrow,blockbuilder
Hbl15,blockbuilder
HectorSi,blockbuilder
HelenHChen,blockbuilder
HelenaV,blockbuilder
HenryW95,blockbuilder
HerbCaudill,blockbuilder
HermanniB,knight
Heronwang,blockbuilder
HoffmannP,stackoverflow
Hopfenweisse,blockbuilder
Hughes89,blockbuilder
Hugoberry,blockbuilder
Hypercubed,blockbuilder
IDBasso,blockbuilder
IanHopkinson,blockbuilder
IbrahimSassi,blockbuilder
IconicImagery,knight
Ifeanyi-1,blockbuilder
ImSraone,blockbuilder
InfH,blockbuilder
IoTeacher,blockbuilder
IsaKiko,blockbuilder
Ivan-Melnikov-Bose,blockbuilder
Ivanhound,blockbuilder
IzaskunLS,blockbuilder
J6K,blockbuilder
JAlblas,blockbuilder
JFalik75,knight
JOSEOLAYA7,blockbuilder
JWTappert,blockbuilder
JZenk,blockbuilder
JaapSuter,blockbuilder
Jamestiberiuseanes,blockbuilder
JanArevalo,blockbuilder
JanetDaniel,blockbuilder
Janjacky,blockbuilder
JasonCabral,blockbuilder
JasonMcGregor,knight
JasperNLiberty,blockbuilder
JasperStam,blockbuilder
JaspreetS,blockbuilder
Jastor11,blockbuilder
JaxonDvl,blockbuilder
Jay-Oh-eN,blockbuilder
JazzTap,blockbuilder
JeanLucPinol,blockbuilder
JennKempCodes,blockbuilder
JeremyBesson,blockbuilder
JifengKou,blockbuilder
JimGong,blockbuilder
Jimenaabad,blockbuilder
Jn1532,blockbuilder
JoaoGoncalves,knight
JoePlant,blockbuilder
JoeYerardi,blockbuilder
JoelBCarter,blockbuilder
JoelWesley,blockbuilder
Joeycz,blockbuilder
JohnWall64,blockbuilder
JonasHeylen,blockbuilder
JosephSKh,blockbuilder
JosiahSZ,blockbuilder
Journathan,knight
JuanSMartinez,blockbuilder
JulesSauvinet,blockbuilder
JulienNamahn,knight
Jverma,blockbuilder
K-Du,blockbuilder
KaitoKid,blockbuilder
Kallirroi,blockbuilder
KathyZ,stackoverflow
KatiRG,blockbuilder
Kcnarf,blockbuilder
Keiji-Sugou,blockbuilder
KelvinZCH,blockbuilder
Kerchoo,blockbuilder
KevinRourke,blockbuilder
Kirilov888,blockbuilder
KirkHunter,blockbuilder
KjMu,blockbuilder
KoGor,stackoverflow
KotaKonishi,blockbuilder
KristinHenry,blockbuilder
Kuerzibe,blockbuilder
KunnyKou,blockbuilder
KyKyPy3,blockbuilder
KyairaAdams,blockbuilder
Kyrand,blockbuilder
L-Creation,blockbuilder
LGBY4,blockbuilder
LMoras,blockbuilder
LTymn,knight
Lacroute,blockbuilder
Laippe,blockbuilder
LalitMaurya,blockbuilder
Lampadaire,knight
LastSamurai03,blockbuilder
LauraCortes,blockbuilder
LaurieSReynolds,blockbuilder
LayneSmith,blockbuilder
LeeMendelowitz,stackoverflow
Legaspi21,blockbuilder
LesGuessing,blockbuilder
LeslyMV,blockbuilder
Lichtphyz,blockbuilder
Liddler,blockbuilder
Lincoln-Jiang,blockbuilder
LisaPicado,blockbuilder
LivsnjutareHJ,blockbuilder
Ljfernando,blockbuilder
LonRiesberg,blockbuilder
LorienMCS,blockbuilder
LucaBrassi,knight
LucyI,blockbuilder
LuisSevillano,blockbuilder
LukaszPawlowski-MS,blockbuilder
Luke-Hartman,blockbuilder
MAKIO135,blockbuilder
MERKABAHNK,blockbuilder
MPTX,blockbuilder
MSCAU,stackoverflow
MTClass,blockbuilder
Mailnickko,blockbuilder
Malicia,blockbuilder
MarcosHiramRojasSosa,blockbuilder
Marie-Ella,blockbuilder
MarinaDiakonova,blockbuilder
MarineRu,blockbuilder
MartiHearst,blockbuilder
Martinanddre,blockbuilder
MartyBiancuzzo,blockbuilder
MasonLyons,blockbuilder
MattDionis,blockbuilder
MattNickodemus,blockbuilder
MatteoTomassetti,blockbuilder
Matthew-Weber,stackoverflow
MattieTK,blockbuilder
MauriceOkumu,blockbuilder
MaxCroker,blockbuilder
MaxJaison,blockbuilder
MaximeGehin,blockbuilder
Mbrownshoes,blockbuilder
McNull,blockbuilder
MelanieFreed,knight
MelanieJulien,knight
MelanieSalignat,blockbuilder
MelvanDrunen,knight
MettiHoof,blockbuilder
Mikevin,blockbuilder
MikeyParton,blockbuilder
Milliners-Son,blockbuilder
MissHanJ,blockbuilder
MissedMemo,blockbuilder
Miyaton,blockbuilder
ModuloM,blockbuilder
MohamedZaki,blockbuilder
MonaiThang,blockbuilder
MorganShannonMaryBioInformatics,blockbuilder
MoritzStefaner,stackoverflow
Moximillian,blockbuilder
MrMattSim,knight
MrSteve2,blockbuilder
Mrajyalakshmi,blockbuilder
Mraleksa,blockbuilder
Munishkin,blockbuilder
Muramasah,blockbuilder
MusicGindos,blockbuilder
Myoshu,blockbuilder
N0taN3rd,blockbuilder
NDuma,blockbuilder
NGuernse,blockbuilder
NPashaP,stackoverflow
Naram22,blockbuilder
Nastasi7,blockbuilder
Nathan-O,blockbuilder
Neelakandan,blockbuilder
Nerldy,blockbuilder
NerradSamoht,blockbuilder
NewMediaCatalyst,blockbuilder
NgoScope,blockbuilder
NickDiakopoulos,blockbuilder
Nils0,blockbuilder
Nmargolis,blockbuilder
Noelfish6,blockbuilder
Norwich,blockbuilder
Nuniemsis,blockbuilder
Nympheo,blockbuilder
Ohtsu,blockbuilder
Ohyoukillkenny,blockbuilder
OllieFord,blockbuilder
OrhanYaz,blockbuilder
OrkhanHuseynli,blockbuilder
Orkish,blockbuilder
OscardR,blockbuilder
P3nny,knight
P7h,knight
PH13,blockbuilder
Pacsangon,blockbuilder
PandaRider,blockbuilder
Paperpanic,knight
Paprika24,blockbuilder
PatMartin,blockbuilder
PatriciaMRobinson,blockbuilder
PatrykZ,blockbuilder
Peleke,blockbuilder
PerformanceGenetics,blockbuilder
Peterrkang,blockbuilder
PierreLrnt,blockbuilder
PintxoPadron,blockbuilder
PolPasop,blockbuilder
Pooky2011,blockbuilder
PranavRam,blockbuilder
PredictiveAnalytics,knight
PyaeAung,blockbuilder
Q-Zhao,blockbuilder
Qbelil,knight
Qinita,knight
Quantonomist,blockbuilder
RCura,blockbuilder
RKO52,blockbuilder
RafaelJMRamos,blockbuilder
RainismZ,blockbuilder
RandomEtc,stackoverflow
Raphael-Diana,blockbuilder
Rasinj,blockbuilder
Rastignac,blockbuilder
Ratnar,blockbuilder
Restuta,blockbuilder
RicCheng,blockbuilder
RichMorin,stackoverflow
Rico3734,blockbuilder
RithikaReddyM,blockbuilder
RitterLean,stackoverflow
RobColeman,knight
RobertDelgado,blockbuilder
RobinL,blockbuilder
RomyRatolojanahary,blockbuilder
Ronolibert,blockbuilder
RosaRomeroGomez,blockbuilder
Rubenia,blockbuilder
Ruchita7,blockbuilder
RuiChang123,blockbuilder
Ryan-321,blockbuilder
RytNszn,blockbuilder
S-trunk,blockbuilder
SJXdct,blockbuilder
SWORDFISH354,blockbuilder
SafiMohammed,blockbuilder
SaintEmbers,blockbuilder
Saintat1,blockbuilder
Saminu,blockbuilder
SamyMe,blockbuilder
Sania1,blockbuilder
SassOnTheRoad,knight
Satomi-Yamanaka,blockbuilder
Sav10,blockbuilder
SciutoAlex,blockbuilder
Seralto,blockbuilder
Servuc,blockbuilder
Sevenhang,blockbuilder
ShantanuPhadke,blockbuilder
Shawn91,blockbuilder
SherryFeng123,blockbuilder
Shiobara,blockbuilder
ShuanWu,blockbuilder
SioKCronin,blockbuilder
SirDingle,blockbuilder
SkiWether,blockbuilder
Sladav,blockbuilder
SleepyHarry,blockbuilder
Smith5mr,blockbuilder
SocProf,knight
Sohojoe,blockbuilder
Sokrates86,blockbuilder
Soup3r8,blockbuilder
SpaceActuary,blockbuilder
SpencerCarstens,blockbuilder
Spongebrains,blockbuilder
Sputniza,blockbuilder
Sraavya,blockbuilder
StanleySong,blockbuilder
Stanpol,blockbuilder
Sudeshnas,knight
SumNeuron,blockbuilder
SupreetBose,blockbuilder
SwampGuzzler,blockbuilder
Sylvia-handeng,blockbuilder
TBD,blockbuilder
TMiller00,blockbuilder
TMoore24,blockbuilder
TYMG,blockbuilder
TaikiKine,blockbuilder
TakshiOhno,blockbuilder
Takuro0122,blockbuilder
TaraZhu,blockbuilder
Tedables,blockbuilder
TeenaThomasV,blockbuilder
Temmermans,blockbuilder
TennisVisuals,blockbuilder
TerrySmithDC,blockbuilder
TetsuyaKimotsuki,blockbuilder
Thanad,blockbuilder
Thanaporn-sk,blockbuilder
ThanisataS,blockbuilder
TheComfyChair,blockbuilder
TheLady,blockbuilder
TheMapSmith,blockbuilder
ThePlug69,blockbuilder
ThomasG77,blockbuilder
ThomasSeymat,knight
ThuyNT13,blockbuilder
Tibicenas,blockbuilder
TimeBandit,stackoverflow
TipTopCoder,blockbuilder
Toastbroad,blockbuilder
TomStanczyk,blockbuilder
TommyCoin80,blockbuilder
Treblesteph,blockbuilder
TrevorAustin,blockbuilder
TsutsumiYusuke,blockbuilder
Turnyourwoundsintowisdom,blockbuilder
UnseenChaos,blockbuilder
User5100,blockbuilder
Utopiah,blockbuilder
ValIlya,blockbuilder
VanBantam,blockbuilder
VeronicaM,blockbuilder
VioletVivirand,blockbuilder
VirginiaHNg,blockbuilder
VizzzHu,blockbuilder
Vonbob,blockbuilder
Vortex,blockbuilder
Wanagram,blockbuilder
Weik-Zhu,blockbuilder
Wikunia,blockbuilder
Wiliamlee,blockbuilder
WillNetsky,blockbuilder
WillTurman,stackoverflow
WilliamQLiu,stackoverflow
WillieHR,blockbuilder
WillowHQ,blockbuilder
XXX,knight
Xetelar,blockbuilder
Xychen1994,blockbuilder
Y-Seungjae,blockbuilder
Yahyaal,blockbuilder
Yannael,blockbuilder
YashMangla,blockbuilder
YasufumiSaito,blockbuilder
Yonet,blockbuilder
YouthBread,blockbuilder
YuIwa,blockbuilder
Yuyujin,blockbuilder
ZJONSSON,knight
ZZSharkUSF,blockbuilder
ZaraKinneen,blockbuilder
Zeukkari,blockbuilder
ZiadMadkour,blockbuilder
ZijunXu,blockbuilder
Zohraaa,blockbuilder
a2q,knight
aaizemberg,blocksplorer
aajungroth,blockbuilder
aakansh9,blockbuilder
aarrigo,blockbuilder
aartics,blockbuilder
aawiegel,blockbuilder
aax951,blockbuilder
ab1pradhan,blockbuilder
abbhakan,knight
abchandra,blockbuilder
abehmiel,blockbuilder
abehrman,blockbuilder
abernier,stackoverflow
abhijeetkumar92,blockbuilder
abhisekhpatra,blockbuilder
abhishekpolavarapu,blockbuilder
abinofbrooklyn,blockbuilder
abiolaniyi,blockbuilder
abipai192,knight
abrahamdu,blockbuilder
abruzek,blockbuilder
ac1714,blockbuilder
achanda101,blockbuilder
ackuser,blockbuilder
acmaneira,knight
acn-lucycao,blockbuilder
acrithary,blockbuilder
acurvadegauss,knight
adamfknapp,blockbuilder
adamhurst,blockbuilder
adamverdin,blockbuilder
adchien,blockbuilder
addt,blockbuilder
adekunleoduye,blockbuilder
adewes,stackoverflow
adgramigna,blockbuilder
adiamaan92,blockbuilder
adilyalcin,blockbuilder
adima,blockbuilder
aditimarkale,blockbuilder
adityajain15,blockbuilder
adkdev,blockbuilder
adkinsc,blockbuilder
adrianorob,blockbuilder
adry34160,blockbuilder
aehrmann,blockbuilder
aendrew,blockbuilder
afbagautdinov,blockbuilder
afbroman,blockbuilder
afdgoris,blockbuilder
agnott,blockbuilder
agware,blocksplorer
aharonh,blockbuilder
ahmohamed,stackoverflow
aht,blockbuilder
aiMojica10,blockbuilder
aiiins,blockbuilder
aimbellone,knight
airway38,blockbuilder
aish-venkat,blockbuilder
aitoff,blocksplorer
ajayk1931,blockbuilder
ajing,blockbuilder
ajzeigert,manual
ak2912,blockbuilder
akashdmukherjee,blockbuilder
akcieslak,blockbuilder
akeshavan,blockbuilder
akhar,blockbuilder
akhil381,blockbuilder
akilbekov,blockbuilder
akiraandy,blockbuilder
akirankzw,blockbuilder
akmalmuqeeth,blockbuilder
aknauft,blockbuilder
akoike111,blockbuilder
akollegger,blockbuilder
akre54,manual
akuhn,manual
alandunning,manual
alanmclean,manual
alanponce,blockbuilder
alansmithy,manual
alassetter,blockbuilder
albamartinc,blockbuilder
aldrejota,blockbuilder
ale0xB,blockbuilder
alebusi,knight
alecburch,blockbuilder
aleishanelson,blockbuilder
alessioalex,blockbuilder
alex-girard,blocksplorer
alex-milanov,blockbuilder
alex-r-bigelow,blockbuilder
alex-rind,blockbuilder
alexanderkopke,blockbuilder
alexjtray,blockbuilder
alexliu-github,blockbuilder
alexmacy,blocksplorer
alicejean,blockbuilder
alidep,blockbuilder
alignedleft,blockbuilder
alina-zhu,blockbuilder
allardw,blockbuilder
allenwko,blockbuilder
allilevine,blockbuilder
almccon,blockbuilder
almossawi,blockbuilder
alogean,blockbuilder
alokkshukla,blockbuilder
alozzd,blockbuilder
alper,manual
altocumulus,blockbuilder
alvinraj,blockbuilder
alvinthai,blockbuilder
amazingandyyy,blockbuilder
amberjehu,blockbuilder
amccartney,manual
ameerbajwa,blockbuilder
amenadiel,stackoverflow
amerval,knight
amirothman,blockbuilder
amithegde,blockbuilder
amoradi,blockbuilder
amortka,blockbuilder
amrikd,blockbuilder
amtur8,blockbuilder
amundo,blockbuilder
anaeliaovalle,blockbuilder
anarseyf,blockbuilder
anatolyg,blockbuilder
andest01,blockbuilder
andi-g,blockbuilder
andkar73,blockbuilder
andreaangeli,blockbuilder
andreaeverett,blockbuilder
andrei-antal,blockbuilder
andrelton,manual
andresin87,blockbuilder
andresrojas1,knight
andretartar,knight
andrew12,blockbuilder
andrewbt,blockbuilder
andrewdblevins,blockbuilder
andrewfulrich,blockbuilder
andrewthornton,manual
andrewwitherspoon,blockbuilder
andrewxhill,blocksplorer
andybak,blockbuilder
andyreagan,blockbuilder
andysevas,blockbuilder
anemochore,blockbuilder
angelferro,blockbuilder
angelferroey,blockbuilder
angelicahl88,blockbuilder
angelineshalini,blockbuilder
anjrea,blockbuilder
ankitjaincst,blockbuilder
ankuagar,blockbuilder
anleihuang,blockbuilder
annabsmylie,manual
annanimara,blockbuilder
annavital,blockbuilder
annej458,blockbuilder
annelid,blockbuilder
annytruong,blockbuilder
anonymous,manual
anosikeosifo,blockbuilder
anotherjavadude,stackoverflow
anqi-lu,blockbuilder
ant1j,blockbuilder
antoniomacedo85,blockbuilder
antonyross,blockbuilder
antropomedia,knight
anuratim,knight
apburnes,blockbuilder
aplepe,manual
apolan,blockbuilder
apratt2003,blockbuilder
apvidul,blockbuilder
apyeh,blockbuilder
archae0pteryx,blockbuilder
arcox80,blockbuilder
areologist,blockbuilder
ariaz,manual
arielgk,blockbuilder
arimocro,blockbuilder
armandogilc,blockbuilder
armollica,blocksplorer
arnicas,manual
arpagon,blockbuilder
arpitnarechania,blocksplorer
arrayjam,blocksplorer
artgillespie,blockbuilder
arthurwelle,manual
artidata,blockbuilder
artorig,blockbuilder
arturopolo,blockbuilder
aschneiderman,blockbuilder
asconz,blockbuilder
asherif844,knight
ashtonburg,blockbuilder
ashwinwalkman,blockbuilder
asiahunchooo,blockbuilder
asielen,blocksplorer
asifsalam,knight
asminja,blockbuilder
asparagino,manual
asterixjm,blockbuilder
asurancetturix,blockbuilder
asuresh27,blockbuilder
atclark,blockbuilder
atdarrigo,knight
athst,manual
atmccann,stackoverflow
atomiccc,blockbuilder
attl8d,blockbuilder
aubergene,blocksplorer
aurelient,blockbuilder
ausiddiqui,blockbuilder
avlasis,blockbuilder
avrasgoldman,blockbuilder
axmopio,blockbuilder
ayaeide,blockbuilder
ayagaki,blockbuilder
ayala-usma,blockbuilder
aydun1,blockbuilder
azazlife,blockbuilder
azerton,blockbuilder
azizkamoun,blockbuilder
aznmonkey,blockbuilder
azywong,blockbuilder
azza-bazoo,manual
bLittle1996,blockbuilder
badasswang,blockbuilder
badermart,blockbuilder
baiIey,blockbuilder
baiiey,blocksplorer
balachandran92,blockbuilder
balajikvijayan,blockbuilder
bananabear,blockbuilder
baramuyu,blockbuilder
barelampagos,blockbuilder
baronwatts,blockbuilder
bartlf,knight
basilesimon,blockbuilder
basstrombone0312,blockbuilder
batmanbeyond,blockbuilder
batosi175,blockbuilder
baygeldin,blockbuilder
bcohn,manual
bdearnaley,knight
bdilday,manual
bdon,manual
bdugan14,blockbuilder
beauvankirk,blockbuilder
bedadala92,blockbuilder
behroorx,blockbuilder
beijaflor,blockbuilder
bellybybud,blockbuilder
ben-carmichael,blockbuilder
bencekd,blockbuilder
benduffin,blockbuilder
benelsen,blockbuilder
benjaminadk,blockbuilder
benjchristensen,manual
benkimball,stackoverflow
benlyall,stackoverflow
benmohta,blockbuilder
benzguo,manual
bernd-at-lekton,blockbuilder
beserkermode,blockbuilder
beskelton,knight
bewest,manual
bfetters,blockbuilder
bfowler4,blockbuilder
bfreeds,blockbuilder
bhandarisumit,stackoverflow
bhankee,blockbuilder
bharathsivaraman,blockbuilder
bholligan,blockbuilder
bhvaleri,manual
bibinmjose,blocksplorer
biboulesbaa,blockbuilder
bill-felix,blockbuilder
bill-kidwell,manual
bill-mybiz,blockbuilder
billdwhite,blockbuilder
bimannie,blockbuilder
biovisualize,blocksplorer
bitkill,blockbuilder
bjl3,blockbuilder
bjtucker,blockbuilder
bkayar,blockbuilder
blacklionb6,blockbuilder
blb451,blockbuilder
blehman,blockbuilder
blehr,blockbuilder
blessingoraz,blockbuilder
bletcher,blockbuilder
bloc,blocksplorer
blossta,blockbuilder
bluecherryme,blockbuilder
bluedot951,blockbuilder
bmershon,blocksplorer
bmnelson777,knight
bmolynch,knight
bmurphyj,blockbuilder
bnchdrff,blockbuilder
bobbydavid,manual
boeric,manual
bollwyvl,blocksplorer
boneskull,blockbuilder
bonez0607,blockbuilder
bookpbk,blockbuilder
boonlogic,blockbuilder
boramaze,blockbuilder
bowmanmc,blocksplorer
boxfish,blockbuilder
boyansky,knight
bpartopour,blockbuilder
bquast,blockbuilder
bradleystachurski,blockbuilder
bradoyler,blockbuilder
bradyhullopeter,blockbuilder
brandon-hedrick,blockbuilder
brattonc,stackoverflow
brayamVera,blockbuilder
breakingespanol,blockbuilder
brett-miller,blockbuilder
brettl2150,blockbuilder
brettvalle,blockbuilder
brian-ho,blockbuilder
brianbushree,blockbuilder
briankoech,blockbuilder
briannic,blockbuilder
briantrice,blockbuilder
bricedev,blocksplorer
bricof,manual
brimster,blockbuilder
brndnb,blocksplorer
brolin,blockbuilder
brooks2015,knight
brucemcpherson,blocksplorer
brunob,blockbuilder
bryankennedy,manual
bryansera,blockbuilder
bryik,blockbuilder
brylie,manual
bsalles,blockbuilder
bshorrosh,blockbuilder
bstraa,blockbuilder
bsullins,blockbuilder
bsurnida,blockbuilder
bsuthersan,blockbuilder
bthow,blockbuilder
btyshkevych,blockbuilder
bulbil,blockbuilder
bumbeishvili,blockbuilder
bumbu,blocksplorer
bunkat,stackoverflow
burritojustice,blockbuilder
bvancil,manual
bvasko,blockbuilder
bvsbharat,blockbuilder
bwc-pv,blockbuilder
byJessicaLiang,blockbuilder
bynoejos,blockbuilder
byrongibson,manual
bzjin,blockbuilder
c-johnson,manual
c0b,blockbuilder
c0di,blockbuilder
caHaber,blockbuilder
caddy2519,blockbuilder
caev03,blockbuilder
caged,manual
cagrimmett,blocksplorer
caioiglesias,blockbuilder
calinon,blockbuilder
calvinmetcalf,manual
calvinsettachatgul,blockbuilder
camille86,blockbuilder
camio,manual
camsoc,blockbuilder
candel,blocksplorer
candle,blocksplorer
canfel,blocksplorer
canyon289,blockbuilder
caperrault,blockbuilder
capitolmuckrakr,blockbuilder
capndave,blockbuilder
carlkra,blockbuilder
carlos-andres,stackoverflow
carlosandrade,knight
carlosfelipetorres,blockbuilder
carlvlewis,blockbuilder
carly-n-wilson,blockbuilder
carol1nth3sky,knight
cartant,blockbuilder
cartoda,manual
case,blockbuilder
catli,knight
cben,stackoverflow
cbergoon,blockbuilder
cbertelegni,blockbuilder
cbuie,blockbuilder
cccruzr,blockbuilder
cclzxl,blockbuilder
ccronin51,blockbuilder
ccubillos,blockbuilder
cdoerge,blockbuilder
cdoremus,blockbuilder
cegoddard,blockbuilder
cehsu,blockbuilder
cenirmac,blockbuilder
centem,blockbuilder
cesarrodas,blockbuilder
cfactor,blockbuilder
cfarmer,manual
chaitanyagurrapu,manual
chantalgo,manual
chantastic,blockbuilder
chaojiwan,blockbuilder
charlie8230,blockbuilder
charljulien,blockbuilder
chchannn,blockbuilder
cheevahagadog,blockbuilder
chelseawangsf,blockbuilder
chemplexity,blocksplorer
chenchen62,blockbuilder
chenderson13,blockbuilder
cheneymb,blockbuilder
chensteven,blockbuilder
cherdarchuk,blocksplorer
cherukumilli,blockbuilder
chezka-sino,blockbuilder
chiaochi,knight
chibibiscuit,blockbuilder
chichacha,blockbuilder
chiester,stackoverflow
chillee151,blockbuilder
chip,blockbuilder
choppingsuey,blockbuilder
chornbaker,blockbuilder
chris-sun,blockbuilder
chrisbrich,manual
chrisdamba,blockbuilder
chriselias,blockbuilder
christian-acuna,blockbuilder
christianbriggs,blockbuilder
christophercannon,blockbuilder
christophermanning,blocksplorer
christopherni,blockbuilder
christopherzed,blockbuilder
chriswmackey,blockbuilder
chuaccheng,blockbuilder
chucklam,blockbuilder
chule,manual
chunheisiu,blockbuilder
cis321,blockbuilder
citurbe,blockbuilder
cjbassin,blockbuilder
cjburgoyne,blockbuilder
cjhin,blockbuilder
cjoyner,blockbuilder
cjrd,stackoverflow
ckarande,blockbuilder
ckinley360,blockbuilder
ckuijjer,blocksplorer
clairepapu,knight
clarelam,blockbuilder
cldaaaa,blockbuilder
clemens-tolboom,stackoverflow
clementchagnaud,blockbuilder
clemsos,blockbuilder
clhenrick,blockbuilder
clidwin,knight
cliu4,blockbuilder
clonardo,blockbuilder
cloudandviator,blockbuilder
cloudshapes,manual
cmackay,manual
cmdoptesc,stackoverflow
cmgiven,manual
cminshew,stackoverflow
cmj91uk,blockbuilder
cmpolis,manual
cmulbrandon,manual
cnev177,knight
cnobre,blockbuilder
cockburnc,blockbuilder
cocokiri,blockbuilder
codemedici,blockbuilder
codementum,manual
codeocelot,blockbuilder
coderextreme,blockbuilder
codesterkemp,blockbuilder
codexmonk,manual
codyjroberts,blockbuilder
colin-young,stackoverflow
colinambrose,blockbuilder
colleenboodleman,blockbuilder
colombod,blockbuilder
coloratto,blockbuilder
comprateur,blockbuilder
con-ssc,blockbuilder
connieGao0819,blockbuilder
connorgr,blockbuilder
conollae,blockbuilder
constileon,blockbuilder
contactjoelg,blockbuilder
controld,manual
cook2wj,blockbuilder
cool-Blue,stackoverflow
corfor,blockbuilder
corganfuzz,blockbuilder
corykendrick,manual
couchand,blocksplorer
courtniwong,blockbuilder
cpachomski,blockbuilder
cpalomogaro,blockbuilder
cpbotha,manual
cpg,blockbuilder
cphcat,blockbuilder
cpietsch,blocksplorer
cpopolo,knight
craighum,blockbuilder
cramhead,blockbuilder
crgpaterson,knight
cricku,blockbuilder
cristinaversino,knight
crocuta,blockbuilder
crucialfelix,blockbuilder
csduarte,blockbuilder
csessig86,knight
csleeman,manual
cunnellp5,blockbuilder
curran,manual
curt-mitch,blockbuilder
cwcromwell,knight
cwvanharen,blockbuilder
cyandream,blockbuilder
cyrilcherian,blockbuilder
cyrusobrien,blockbuilder
czamp,blockbuilder
czaroot,knight
d-hong237,blockbuilder
d-keener,blockbuilder
d3noob,blocksplorer
d3yoshiki,blockbuilder
d8amonk,blockbuilder
dabos,manual
daft300punk,blockbuilder
dagda1,blockbuilder
dahlbyk,blockbuilder
dahtah,manual
daisuken31,blockbuilder
dalcaide,blockbuilder
dalmia-nihar,blockbuilder
daluu,stackoverflow
damayor,blockbuilder
damiendonnelly,blockbuilder
danaoira,blockbuilder
danbgray,blockbuilder
danhammer,blockbuilder
danharr,blocksplorer
danielandrukonis,blockbuilder
danielatkin,knight
danielcompton,blockbuilder
danielgavrilov,blockbuilder
danielrvoigt,blockbuilder
danijett,blockbuilder
danikenan,blockbuilder
danm,blockbuilder
danningchen,blockbuilder
dannyko,manual
dannyow,blockbuilder
danroberts,manual
dansabo,manual
darenwillman,blockbuilder
darinnete,blockbuilder
darioreal,blockbuilder
darkgenio76,knight
darlacameron,blockbuilder
darosh,blockbuilder
darrenjaworski,blocksplorer
darshit-shah,manual
daryadm,knight
databayou,blockbuilder
datafunk,blockbuilder
datapixie,knight
datashaman,stackoverflow
datummm,manual
davcraig75,blockbuilder
davcs86,blockbuilder
dave-enrico,blockbuilder
daveeisen,blockbuilder
davewilliamstx,blockbuilder
david4096,stackoverflow
davidbau,blockbuilder
davidbeijinho,blocksplorer
davidbudac,blockbuilder
davidgutierrez,blockbuilder
davidpham5,blockbuilder
davidserranoutad,blockbuilder
davidwatkins73,manual
davidwclin,manual
davo,blocksplorer
davty,blockbuilder
dawnplusplus,blockbuilder
dayjournal,blockbuilder
dbarton-uk,blocksplorer
dbeach24,blockbuilder
dbetebenner,blockbuilder
dbillingham,blockbuilder
dbravin,blockbuilder
dbrodie122,blockbuilder
dbuezas,manual
dcabo,manual
dcleao,blockbuilder
dd624,blockbuilder
ddramone,blockbuilder
ddrapeau,blockbuilder
dealarcon,blockbuilder
debbyca,blockbuilder
dechov,blockbuilder
deckerlr,blockbuilder
degnonkm,blockbuilder
dehuszar,manual
deisydiazp,blockbuilder
delavict,blockbuilder
deldersveld,blockbuilder
dem42,stackoverflow
demeter11,blockbuilder
demottkelsey,blockbuilder
denalimarsh,blockbuilder
denisemauldin,blockbuilder
denisfitz57,blockbuilder
denjn5,blockbuilder
dennisjunior111,blockbuilder
denver,blockbuilder
dephora,blockbuilder
derbyth,blockbuilder
derekgaw,blockbuilder
designingpen,blockbuilder
devdanco,blockbuilder
devdiva8,knight
devgru,blocksplorer
devinaction,blockbuilder
devinmcginty,blockbuilder
devmanning,blockbuilder
devssunil,blockbuilder
dfalbel,blockbuilder
dfrsol,blockbuilder
dgaitsgo,blockbuilder
dgbillotte,blockbuilder
dgwyer,blockbuilder
dhcdata,blockbuilder
dhoboy,manual
dholtz,blockbuilder
dhruvarora93,blockbuilder
dieg0,blockbuilder
diegosb,blockbuilder
diegovalle,manual
diepvf,blockbuilder
diethardsteiner,stackoverflow
digambara,blockbuilder
dilipl,blockbuilder
dionwang88,manual
dirkrathje,blockbuilder
diskmanti,blockbuilder
djamshed,blockbuilder
djjupa,stackoverflow
djokicx,blockbuilder
djolai,blockbuilder
djvanderlaan,stackoverflow
dk8996,stackoverflow
dkata,blockbuilder
dks-blc,manual
dllllb,blockbuilder
dlwjiang,manual
dmann99,manual
dmcglone,blockbuilder
dmijalkovic,manual
dmoakler,blockbuilder
dmofot,blockbuilder
dmrd,blockbuilder
dmvpro,blockbuilder
dnprock,manual
dobbs,stackoverflow
doctavia,blockbuilder
dogTheCreature,blockbuilder
dogobox,blockbuilder
domdemers,blockbuilder
domhorvath,blockbuilder
domoritz,blockbuilder
donaldh,stackoverflow
dongli,blockbuilder
donmccurdy,manual
donmckenna,blockbuilder
donpinkus,blockbuilder
dorairajsanjay,blockbuilder
dorap,knight
dorothymitchell,blockbuilder
dorukcan,blockbuilder
doublealpha,blockbuilder
dougdowson,blocksplorer
dpatrick92,blockbuilder
draganAndonovski,blockbuilder
drewleonard,blockbuilder
drewmorehead,knight
dribnet,blockbuilder
drifkin,manual
drpepper9,blockbuilder
dsal1951,blockbuilder
dsgrant,blockbuilder
dstinchcomb,knight
dthor1981,blockbuilder
dtjv,blockbuilder
duaneatat,blockbuilder
ducksmanager,manual
dudefrommangalore,blockbuilder
duffycheng,blockbuilder
duhoang,manual
dukarc,blockbuilder
dukevis,stackoverflow
duncangeere,blockbuilder
duncanleung,blockbuilder
dunderjeep,blockbuilder
dunlapea,blockbuilder
duopixel,stackoverflow
dustinlarimer,stackoverflow
dwoltjer,blockbuilder
dwtkns,manual
dylanbGIT,blockbuilder
dylanfm,manual
dyorama,knight
dziamid,blockbuilder
eSlivinski,blockbuilder
earthjs,blockbuilder
easadler,blockbuilder
easimadi,blockbuilder
ebendennis,blockbuilder
ecerulm,stackoverflow
echomelodylwh,blockbuilder
ecoledete2017,blockbuilder
edfg,blocksplorer
edgarvaldez,blockbuilder
edgeoftech,blockbuilder
edharmowongso,blockbuilder
edkiljak,blockbuilder
edouard_lopez,blocksplorer
eduavencama,blockbuilder
edwinwright,blockbuilder
eellio,blockbuilder
eesur,blocksplorer
efanelle,blockbuilder
efaurie,blockbuilder
effu,blockbuilder
efleurine,blockbuilder
efleury,blockbuilder
efratvil,blocksplorer
eglassman,blocksplorer
egoddard,blockbuilder
egoshi01,blockbuilder
egparedes,blockbuilder
ehlbisu,blockbuilder
ehsansajjad465,blockbuilder
eidankl,blockbuilder
eins78,blocksplorer
eiriks,blockbuilder
ejfox,blockbuilder
ejm714,blockbuilder
ekerstein,manual
ekoontz,blocksplorer
elTallarin,blockbuilder
elainecodes,blockbuilder
eldang,knight
elefkovitz,blockbuilder
elenaDulys,blockbuilder
eleyine,stackoverflow
elie,blockbuilder
elipousson,blockbuilder
elizabethshell,knight
elmerghany,blockbuilder
eloleon,blockbuilder
elon-,blockbuilder
elpete,blockbuilder
elt12njo,blockbuilder
emagee,knight
emarschner,manual
embeddedmike,manual
emc5ud,blockbuilder
emeeks,blocksplorer
emelo2,blockbuilder
emepyc,blockbuilder
emi-lp,manual
emiguevara,blockbuilder
emiliaalmeida,blockbuilder
emilioalvarado,blockbuilder
emilyinamillion,blockbuilder
emilylaackman,knight
emilyw15,blockbuilder
emjames,blockbuilder
emmadonada,blockbuilder
emmamorlock,blockbuilder
empiimp,blocksplorer
empo0270,blockbuilder
endafarrell ,blocksplorer
eneedham,blockbuilder
enjalot,blocksplorer
enkera,blockbuilder
enoex,manual
enricocosta,knight
eoiny,blockbuilder
eplunkett,knight
epmoyer,manual
erabhimanyu,blockbuilder
eranchazan,blockbuilder
erialaide,blockbuilder
eric-bunch,blockbuilder
ericamartel,blockbuilder
ericandrewlewis,stackoverflow
ericbooker12,blockbuilder
ericcitaire,manual
ericcoopey,stackoverflow
ericsoco,blockbuilder
ericvaz,knight
ericyang321,blockbuilder
erikaris,blockbuilder
erikhazzard,manual
erikseppanen,blockbuilder
erikvullings,stackoverflow
erinjerri,manual
erkal,manual
erlenstar,manual
erohinaelena,blocksplorer
erood,blockbuilder
erpatterson11,blockbuilder
erwindeclerck,blockbuilder
esander91,blockbuilder
esjay,blockbuilder
esjewett,manual
esperandeo,blockbuilder
espinielli,blocksplorer
estebanafonso,knight
estebanfloresf,blockbuilder
estherwu0721,blockbuilder
etachov,knight
ethankale,blockbuilder
etiennecrb,blockbuilder
etpinard,manual
ettorerizza,blockbuilder
etyp,blockbuilder
eugeneyu-savvi,blockbuilder
evanoneil,blockbuilder
evanpeck,blockbuilder
evansodu,blockbuilder
evbettor,blockbuilder
evenkeeler,blockbuilder
everett-wetchler,blockbuilder
everling-prime,blockbuilder
ewape,blockbuilder
exSQZme,blockbuilder
exaptations,blockbuilder
explunit,manual
eyaler,stackoverflow
ezzaouia,blockbuilder
f94f,blockbuilder
fabi-goetz,blockbuilder
fabian-schmid,blockbuilder
fabid,blockbuilder
fabiocorreacordeiro,blockbuilder
fabioespinosa,blockbuilder
fabiovalse,blocksplorer
fabricio-aguiar,blockbuilder
fancydive,blockbuilder
faniepotgieter,manual
fannyzarifi,blockbuilder
farazshuja,blockbuilder
faresite,blockbuilder
farmstrong,blockbuilder
fchamma,blockbuilder
fcku,blocksplorer
fdaudens,blockbuilder
featherart,blockbuilder
fedemini,knight
fedosooov,blockbuilder
feladie,blockbuilder
fengqingli,blockbuilder
fengshuo,knight
fernandoremiro,knight
fernoftheandes,blocksplorer
fevoty,blockbuilder
fformenti,blockbuilder
fhackenberger,blockbuilder
fhernand,stackoverflow
fil,blocksplorer
finiterank,blocksplorer
finnbuster,blockbuilder
finnsmith,blockbuilder
fionapigott,blockbuilder
flaneuse,blockbuilder
floofydugong,blockbuilder
flueed,blockbuilder
flwedemeyer,blockbuilder
fmichaleczek,blockbuilder
fmnguyen,blockbuilder
fogcity89,blockbuilder
foodaka,blockbuilder
foolosopher,knight
force,blocksplorer
fortenti,blockbuilder
forumrunner,blocksplorer
fotisz,blockbuilder
fouziekarts84,blockbuilder
fpcMotif,blockbuilder
francoisromain,manual
frank-sidebottom,blockbuilder
frankbaum,blockbuilder
frankie4,blockbuilder
franknoirot,blockbuilder
fred-robson,blockbuilder
fredtbx,blockbuilder
frischmilch,manual
fritschs,knight
fryford,blockbuilder
fuadjsh,knight
fustkilas,blockbuilder
fxghqc,blockbuilder
fxi,blockbuilder
fxjollois,blockbuilder
gabmarini,blockbuilder
gabrielsiml,blockbuilder
gajeam,blockbuilder
galaxode,blockbuilder
galenburrell,knight
gamezober,blockbuilder
gardoroman,blockbuilder
gargiuam,blockbuilder
garrettwong,blockbuilder
gaspardgibson,blockbuilder
gazaston,blockbuilder
gcalmettes,blocksplorer
gchan5,blockbuilder
geetanjalirana,stackoverflow
gelicia,blocksplorer
gemmagall,blockbuilder
gengisb,blockbuilder
geoffreyammons,blockbuilder
geordanex,blockbuilder
georgemurphy,manual
georules,blocksplorer
geraldarthur,manual
geraldgartner,knight
gerb030,blockbuilder
gerhobbelt,manual
gerwitz,blockbuilder
getflourish,blockbuilder
ggwp-1994,blockbuilder
ghattab,blockbuilder
ghizlaine,blockbuilder
ghughes27,blockbuilder
gifteconomist,blockbuilder
gigapoc,blockbuilder
gigiaa,knight
gilbertoleon,blockbuilder
gilebeye,knight
gingenie,blockbuilder
ginseng666,knight
gisellajvs,blockbuilder
gisminister,blocksplorer
git-ashish,stackoverflow
gka,manual
gkarakus,blockbuilder
gkkirsch,blockbuilder
glaucomantegari,blockbuilder
glen0071,blockbuilder
gmaclennan,manual
godds,blockbuilder
gokatz,blockbuilder
goldenj,blockbuilder
goldfarb,blockbuilder
golgistudio,blockbuilder
golodhros,manual
gonzam88,blockbuilder
goodforenergy,blockbuilder
goodmami,manual
goodman001,blockbuilder
gordongli,blockbuilder
gordonwoodhull,blockbuilder
gordyd,manual
gouayave,blocksplorer
gouypailler,manual
gpenam92,blockbuilder
gplssm,blockbuilder
graemebruce,blockbuilder
gratias178,blockbuilder
gravy,blockbuilder
greencracker,stackoverflow
greenwichmytime,knight
grimmwerks,manual
grugknuckle,blockbuilder
grybnicky,blockbuilder
gsarfaty,knight
gskielian,blocksplorer
gsolomon11,blockbuilder
gstvbrg,blockbuilder
gtallest,blockbuilder
guerino,manual
guihaojin,blockbuilder
guilhermesimoes,blocksplorer
guillaumechaumet,blockbuilder
guitaristbiker,blockbuilder
gunererd,blockbuilder
guoliu,blockbuilder
gusafig,blocksplorer
gutierrezcgs,blockbuilder
guzmonne,blockbuilder
habari,manual
hafsastorm,blockbuilder
haghard,blockbuilder
hahahammond,blockbuilder
hailtothethief,blockbuilder
hakuanuru,blockbuilder
hammerofdawn,blockbuilder
han057,blockbuilder
hanemaru,blockbuilder
hanen11,blockbuilder
hannahdaniel,blockbuilder
hapee,knight
hararyo,blockbuilder
harasaki,blockbuilder
hardikgw,blockbuilder
hardisty,blockbuilder
harrystevens,blocksplorer
harrythedev,blockbuilder
harukihill,blockbuilder
harvestthemoon,blockbuilder
hashcacher,manual
hashimkey,blockbuilder
hawk9ball,blockbuilder
hayap,blockbuilder
hayatok,blockbuilder
hazolsky,blockbuilder
hbthanki,blockbuilder
hce95,blockbuilder
hcktheroot,blockbuilder
hdickie,blockbuilder
headwinds,blockbuilder
heathermkrause,knight
heavysixer,manual
hectorfr1984,blockbuilder
hehewuyuana,blockbuilder
heillygalvez,blockbuilder
heitorrc,knight
helenatan,blockbuilder
helfi92,blockbuilder
helix84,blockbuilder
helsp,knight
hendrix0623,blockbuilder
henryjameslau,blockbuilder
herbps10,blockbuilder
herricjb,blockbuilder
herrstucki,blocksplorer
hertsenberg,blockbuilder
hhg2288,blockbuilder
hhhuangqiong,blockbuilder
highcold,blockbuilder
hiro0655,blockbuilder
hironow,blockbuilder
hjanetzek,blockbuilder
hkatsun,blockbuilder
hlvoorhees,blocksplorer
hmmmngbird,blockbuilder
hnambu,blockbuilder
hnesk,blocksplorer
hobbes7878,blocksplorer
holyash,blockbuilder
hongo35,blockbuilder
horeilly,blockbuilder
hornj,blockbuilder
horvathlg,blockbuilder
houseofaragon,blockbuilder
howarddd,manual
hpark75,knight
hrbrmstr,blockbuilder
hrishikesh91,blockbuilder
hs33550336,blockbuilder
hshoff,blockbuilder
hsubox76,blockbuilder
hsuh,blocksplorer
hsuttong,blockbuilder
huangy22,blockbuilder
hugobowne,blockbuilder
hugoduportet,blockbuilder
hugolpz,blocksplorer
humean,blockbuilder
hungvietdo,blockbuilder
huntrontrakkr,blockbuilder
hunzy,manual
hussienliban,blockbuilder
hwangmoretime,manual
hydrosquall,blockbuilder
hyonschu,blockbuilder
hypercubed,manual
hypotext,blockbuilder
iamigo,blockbuilder
iamssen,blockbuilder
iamyashnigam,blockbuilder
ianhopkinson,manual
ianrose,blockbuilder
iansinnott,blockbuilder
ianwessen,blockbuilder
ibaldwin1993,blockbuilder
ibb,blockbuilder
ibbecknell,blockbuilder
iblind,blockbuilder
icecold21,blockbuilder
idbasso,manual
idmit,blockbuilder
iexviz,blockbuilder
igb,manual
iheartsarcasm,blockbuilder
ikang,blockbuilder
ileto,blockbuilder
ilieuw,blockbuilder
ilnoraa,blockbuilder
ilyabo,manual
ilyjohn,blockbuilder
imalooney,blockbuilder
imaneMAOUI,blockbuilder
imjcl,knight
imprithivraj,blockbuilder
indirajhenny,blockbuilder
infographie,blockbuilder
infowetrust,blockbuilder
ingating,knight
innovation-stack,blockbuilder
inoemon,blockbuilder
inspired12,blocksplorer
inspireindia09,blockbuilder
interstar,blockbuilder
intotecho,blockbuilder
intro-to-d3,blockbuilder
ipante,blockbuilder
iremic,blockbuilder
irhamkarim,blockbuilder
iricknroll,blockbuilder
irinaz,blockbuilder
irislieuw,blockbuilder
ironfrown,blocksplorer
iros,blocksplorer
is64377,blockbuilder
isangieri,blockbuilder
islam3zzat,blockbuilder
itiswicked,blockbuilder
itsallearth,blockbuilder
itsmalk,blockbuilder
itsmed,blockbuilder
itzikbenh,blockbuilder
ivan-vallejo,blockbuilder
ivandgreat,blockbuilder
ivanempire,blockbuilder
ivtpz,blockbuilder
ivycodes,stackoverflow
ivyywang,blockbuilder
iyou,blockbuilder
izzatnadzmi,blockbuilder
j-christy,blockbuilder
j-panasiuk,blockbuilder
j0hnsmith,stackoverflow
j9recurses,blockbuilder
ja0nz,blockbuilder
jaabiri,blockbuilder
jab0122,knight
jacari15,blockbuilder
jack-tee,blockbuilder
jackbeckwith,blockbuilder
jaclyncnguyen,blockbuilder
jacobus,blockbuilder
jacqswu,blockbuilder
jacquestardie,manual
jacqui,blockbuilder
jadeyee,blockbuilder
jadiehm,knight
jaeahlee,knight
jaegerka,blockbuilder
jaimeps,blockbuilder
jaiveerkothari,blockbuilder
jake-wies,blockbuilder
jakeNiemiec,blockbuilder
jakethbean,blockbuilder
jalague,blockbuilder
jalapic,manual
jalopez,blockbuilder
jalvarado753,blockbuilder
jamazel,knight
jamemcc,blocksplorer
jamendozavar,blockbuilder
jamesalanfinnigan,blockbuilder
jamescwaters,blockbuilder
jamesleesaunders,blockbuilder
jamesmcglone,blockbuilder
jameswenzel,manual
jameswomack,blockbuilder
jan-carlin,blockbuilder
janagamap,blockbuilder
jananikrish92,blockbuilder
jarandaf,manual
jarbitechture,blockbuilder
jarib,blockbuilder
jasonarita,blockbuilder
jasondavies,blocksplorer
jasonhodges,blockbuilder
jasonkolb,manual
jasonsperske,stackoverflow
jasonzhoujc,blockbuilder
jasrose24,blockbuilder
javidhsueh,manual
jay-oh-en,blocksplorer
jayseeg,blockbuilder
jaytdev,blockbuilder
jazzido,manual
jbattleCivis,blockbuilder
jbelmont,blockbuilder
jbeuckm,stackoverflow
jbkunst,blockbuilder
jblrse,blockbuilder
jbolton9,knight
jcahan,stackoverflow
jcamilort,blockbuilder
jcburns,blockbuilder
jcc-ne,blockbuilder
jckr,manual
jcmmutad,blockbuilder
jcnesci,manual
jcobian,blockbuilder
jczaplew,blocksplorer
jdarling,blocksplorer
jdhancock88,knight
jdimaso,knight
jdistorey,knight
jdotnicol,blockbuilder
jdubson,blockbuilder
jdutta,blockbuilder
je3f0o,blockbuilder
jea-lee,blockbuilder
jeanquisquall,blockbuilder
jebeck,blockbuilder
jeestella,blockbuilder
jeffcatania,manual
jefffriesen,stackoverflow
jeffrey-effendy,blockbuilder
jeffwen,blockbuilder
jeijei1123,blockbuilder
jenchristiansen,knight
jenrogers1207,blockbuilder
jensamoller,blockbuilder
jensgrubert,manual
jeremiahraymond,blockbuilder
jeremybeasley,knight
jeremybuis,blocksplorer
jeremycflin,manual
jermspeaks,manual
jeroavf,blockbuilder
jeromefroe,manual
jerryvarghese,blockbuilder
jesseallison,blockbuilder
jesserosato,blockbuilder
jessihamel,manual
jewsroch,blockbuilder
jfarid,manual
jfmmm,stackoverflow
jfost00,blockbuilder
jfourmond,blockbuilder
jfsaray,blockbuilder
jfsiii,blocksplorer
jgandu,blockbuilder
jgarrett88,blockbuilder
jgbos,stackoverflow
jgllanos,blockbuilder
jgondin,blockbuilder
jgujgu,blocksplorer
jhb,stackoverflow
jheasly,blockbuilder
jhellier,manual
jhherren,blockbuilder
jhon0010,blockbuilder
jhonandres21,blockbuilder
jhoyossite,blockbuilder
jhsu,blockbuilder
jhubley,stackoverflow
jieqianzhang,manual
jieyang,blocksplorer
jifengkou,manual
jiimo,blockbuilder
jim-zed-li,blockbuilder
jimmccusker,blockbuilder
jingsongs,blockbuilder
jinky32,blockbuilder
jinlong25,manual
jinwuportfolio,blockbuilder
jinzh2011,blockbuilder
jishnudantu,blockbuilder
jj0b,blockbuilder
jjailal,blockbuilder
jjelosua,manual
jjkilpatrick,blockbuilder
jjzieve,stackoverflow
jkennel,manual
jkeohan,blockbuilder
jkfhansen,blockbuilder
jkim444,blockbuilder
jkschneider,manual
jkutianski,blocksplorer
jkxs,blockbuilder
jlamberts,knight
jlipkin8,blockbuilder
jlvasquezcollado,blockbuilder
jlyu26,blockbuilder
jm3,blocksplorer
jmahabal,blockbuilder
jmantzke,blockbuilder
jmcmurry,blockbuilder
jmgimeno,manual
jmilland,knight
jmuyskens,blockbuilder
jo,manual
jo-fu,blockbuilder
jo-neill,blockbuilder
joao73844,blockbuilder
joebynoeAccenture,blockbuilder
joellt,blockbuilder
joemielzarek,blockbuilder
joeycf,stackoverflow
joeylouise,blockbuilder
johan,manual
johangithub,stackoverflow
johardi,knight
john-Vanderlans,blockbuilder
john-clarke,blockbuilder
john-guerra,manual
john-vanderlans,blocksplorer
johnburnmurdoch,blockbuilder
johndelacour,manual
johnkiernander,blocksplorer
johnmarkg,blockbuilder
johnnybell87,blockbuilder
johnwalley,blockbuilder
jolene27,blockbuilder
jonasmorwing,blockbuilder
jonasotten,blockbuilder
jonberthet,blockbuilder
jonolave,manual
jonomacx,blockbuilder
jonpage,blockbuilder
jonsadka,blocksplorer
jontfox,blockbuilder
jonyrock,blockbuilder
joordas,blockbuilder
jooziv,blockbuilder
jorgeehernandez,blockbuilder
jorgemendozatorres,knight
jorgeyp,blockbuilder
joshpitzalis,blockbuilder
jotremblay,blockbuilder
jp-a,blockbuilder
jpasini,blockbuilder
jpate2,blockbuilder
jpbyrne,blockbuilder
jpezninjo,blockbuilder
jpmarindiaz,blockbuilder
jpmaulino,blockbuilder
jpnoll,blockbuilder
jpowell127,blockbuilder
jprctr,blockbuilder
jprosario,blockbuilder
jrodgz,blockbuilder
jroetman,stackoverflow
js418,blockbuilder
jsanch,manual
jsaray,blockbuilder
jsclose,blockbuilder
jshanley,stackoverflow
jsl6906,blockbuilder
jsmith9999,blockbuilder
json ,blocksplorer
jsundram,manual
jsutch,knight
jtfallon,blockbuilder
jthomassie,blockbuilder
jtremblay,blockbuilder
juandaabril,blockbuilder
juanprq,blockbuilder
juaoose,blockbuilder
juddbradbury,knight
judehuang,blockbuilder
judeogzewalla,blockbuilder
judyyzhang,blockbuilder
jugglingnutcase,blocksplorer
jugglinmike,stackoverflow
juliettepardue,blockbuilder
juliogutierrezvera,blockbuilder
juliuszfedyk,blockbuilder
junngeronimo,blockbuilder
justin-calleja,blockbuilder
justingrbaker,knight
justinvdm,stackoverflow
justlebeau,blocksplorer
jwang1616,blockbuilder
jwarburg,blockbuilder
jwildfire,manual
jwmao,blockbuilder
jymiller,blockbuilder
jzelner,stackoverflow
jzgit,blockbuilder
jzollerneon,blockbuilder
k-izzo,manual
k0emt,blockbuilder
k0mrade,blockbuilder
k9,blockbuilder
kaboing,blockbuilder
kafom,blockbuilder
kaishero,blockbuilder
kaisrec,blockbuilder
kaito4213,blockbuilder
kaitok,blockbuilder
kalmdown,manual
kalpanavaidya,blockbuilder
kamakinto,blockbuilder
kamal-hothi,blockbuilder
kamida15,blockbuilder
kamokamu,blockbuilder
kannankumar,blockbuilder
kaosbeat,blockbuilder
kaphka,blockbuilder
kapsakcj,blockbuilder
karansomaiah,blockbuilder
kardamon,blockbuilder
karenpeng,manual
karl-thomas,blockbuilder
karlobrien,blockbuilder
karmadude,manual
karotulo,blockbuilder
karthiir,blockbuilder
kataquino,blockbuilder
katiejohnsonsf,blockbuilder
katielong,blockbuilder
kaushikvasu,blockbuilder
kavasseri,blockbuilder
kaylarobertson3,blockbuilder
kazyamagi,blockbuilder
kbuhrer,blockbuilder
kckaplan,knight
kcnarf,blocksplorer
kconti,knight
kcsluis,manual
keboice,blockbuilder
kei0024,blockbuilder
keith-burns,blockbuilder
kelkreft,blockbuilder
kellygmoore,blockbuilder
kelpenhagen,knight
kelscjohnson,blockbuilder
ken1d,blockbuilder
kenken43,blockbuilder
kennedyk9,blockbuilder
kenpenn,manual
kent37,knight
kerryrodden,manual
keum,blockbuilder
kevmo,blockbuilder
kforeman,blockbuilder
kgola,blockbuilder
khailey,blockbuilder
khan2sa,blockbuilder
khantasha,blockbuilder
khawkins98,blockbuilder
khayata,blockbuilder
khoomeister,manual
kiansheik,blockbuilder
kiddphunk,blocksplorer
kiezuz,blockbuilder
kimalbrecht,manual
kimfjord,blockbuilder
kimswe,blockbuilder
kingr,blockbuilder
kirschbombe,blockbuilder
kitsoho,blockbuilder
kitwak,blockbuilder
kjudd,manual
klanier,blockbuilder
klq,blockbuilder
kmbenitez,blockbuilder
kmheibel,blockbuilder
kmix27,blockbuilder
kmr-y,blockbuilder
knowellG,blockbuilder
koalaboy808,manual
kobben,blockbuilder
kohei-108,blockbuilder
konekoya,blockbuilder
korbel23,blockbuilder
korenmiklos,stackoverflow
kornholio83,blockbuilder
kouya19710616,blockbuilder
kranetr,blockbuilder
krisfed,blockbuilder
krisgreene,blockbuilder
krishanson,blockbuilder
kristin-henry-sf,blocksplorer
kristinhenry,manual
kristw,blockbuilder
krparikh,blockbuilder
krsanford,manual
ksaito325,blockbuilder
kspatricia,knight
kspriyadarshi,blockbuilder
ksteinfe,blockbuilder
kubosachi,blockbuilder
kudabux,blockbuilder
kudzayimutunga,blockbuilder
kueda,stackoverflow
kunstlicht,blockbuilder
kusogg,blockbuilder
kvnphllps,knight
kydunkey,blockbuilder
kylehagler,blockbuilder
kyleshevlin,blockbuilder
kynnjo,stackoverflow
kyrre,stackoverflow
kytrick,blockbuilder
kyuheekeogh,blockbuilder
l-r,stackoverflow
lakfel,blockbuilder
lambrex,blockbuilder
lamepeter,blockbuilder
lan24hd,blockbuilder
lance-p,blockbuilder
laowantong,blockbuilder
larry-he,blockbuilder
larsboogaard,knight
larsenmtl,blockbuilder
larskotthoff,stackoverflow
larsvers,blockbuilder
lassalle93,blockbuilder
laurakurtzberg,blockbuilder
lauralavarezjubete,blockbuilder
lauraneckstein,blockbuilder
laurenancona,blockbuilder
laurentbastien,blockbuilder
laurieskelly,blockbuilder
lavaliere,blockbuilder
layfieldb,blockbuilder
lazarogamio,blockbuilder
lcamargof,blockbuilder
ldaly,knight
ldaril,blockbuilder
lecrouch,blockbuilder
lee00678,knight
leeannoneal,knight
leem99,blockbuilder
leenoah1,blockbuilder
leeny,blockbuilder
lefed,blockbuilder
lehulbert,blockbuilder
leiaglezer,blockbuilder
leinadlime,blockbuilder
leitzler,blockbuilder
lelandlee,manual
leojavier,blockbuilder
leonardobareno,blockbuilder
leondutoit,manual
leongiles,blockbuilder
lesevimx,blockbuilder
lesleyryan,knight
leslie-s,blockbuilder
lewis500,manual
lexsf,blockbuilder
lexuspace,blockbuilder
lgersman,stackoverflow
lgoerl,blockbuilder
lgrammel,stackoverflow
lhoang,blockbuilder
li-xinyang,blockbuilder
li01012,blockbuilder
lidderupk,blockbuilder
lidiagarciapanadero,blockbuilder
life2017,blockbuilder
lifeofmle,blockbuilder
lilian-li,blockbuilder
lilienau,blockbuilder
liltong97,blockbuilder
lilymeow12,blockbuilder
linatoro1,blockbuilder
lincolnfrias,blockbuilder
lindep,manual
linhaoran917,blockbuilder
linkalis,blockbuilder
linnnes,blockbuilder
linoyzaga,blockbuilder
linssen,stackoverflow
linyuyoung,blockbuilder
lionhu,blockbuilder
lisalazzarato,knight
liselottemas,blockbuilder
littletitans,blockbuilder
livnelang,blockbuilder
lizlee0225,blockbuilder
llad,stackoverflow
llb4ll,stackoverflow
lleiou,blockbuilder
lloewens,blockbuilder
lluc,blockbuilder
lmantz,blockbuilder
lmeyerov,blockbuilder
lmirza3,blockbuilder
localpcguy,blockbuilder
logancarter,blockbuilder
lonriesberg,manual
lookoutjames,blockbuilder
lorenazs,knight
lorenzopub,blockbuilder
losylam,blockbuilder
lotusyehe,blockbuilder
loubnae,blockbuilder
louisheimel,blockbuilder
loveice622,blockbuilder
lpdonofrio,blockbuilder
lshir200,blockbuilder
lstefano71,blockbuilder
lsultani,blockbuilder
lucag,blockbuilder
lucasea,blockbuilder
lucguillemot,blockbuilder
luchianvictor,blockbuilder
luciaricocue,blockbuilder
luciovilla,blockbuilder
luckymike,knight
ludwigschubert,manual
luisatmaniak,blockbuilder
luiscarli,blockbuilder
luisxcam,blockbuilder
lukacelic,blockbuilder
lukaning,blockbuilder
lukewarm,blockbuilder
lulu567,blockbuilder
lvhailong,blockbuilder
lwthatcher,blockbuilder
lx7575000,blockbuilder
lxe,blockbuilder
lyndonclarke,blockbuilder
lynnhu,blockbuilder
lyuehh,blockbuilder
m-arnold,manual
m-machida,blockbuilder
m313141,blockbuilder
m99coder,stackoverflow
mPemba,blockbuilder
maaaaaddie,blockbuilder
maartenzam,manual
maayanishay89,blockbuilder
macarissa,knight
macsj200,blockbuilder
madams1,blockbuilder
madebyafox,blockbuilder
madelfio,blocksplorer
maelafifi,blockbuilder
magentalab,blockbuilder
magrawala,blocksplorer
magurotuna,blockbuilder
mahdiqb,blockbuilder
mahesh-pal,blockbuilder
maitep,blockbuilder
majimauni,blockbuilder
majomo,blocksplorer
makotoyamauchi,blockbuilder
malamin57,blockbuilder
malavikasrinivasan,blockbuilder
malcolm-decuire,blockbuilder
malgarianirudh,manual
malikHouni,blockbuilder
malkemist,blockbuilder
manas271196,blockbuilder
manjumaj,knight
manning,blocksplorer
manojchandrak,blockbuilder
manolofrias,knight
mansfimx,blockbuilder
mansweet,blockbuilder
mantasg,blockbuilder
maortoubian,blockbuilder
mapearlson,blocksplorer
maptastik,manual
marangvla,blockbuilder
marcchambon,blockbuilder
marcrzzz,blockbuilder
marcusdb,stackoverflow
marekdetko,blockbuilder
margeigh,blockbuilder
mariceratti,knight
marijer,blockbuilder
mario-aviles,blockbuilder
marissa-masangcay,blockbuilder
maritrinez,blockbuilder
markappelman,knight
markarios,blockbuilder
markparry,knight
markschaver,blockbuilder
markvital,blockbuilder
marr,blockbuilder
marreguin523,blockbuilder
mars009,blockbuilder
marsqinht,blockbuilder
martafuster,knight
martin-spinks,blockbuilder
martinjc,blockbuilder
martinsmatthews,blockbuilder
martynjones87,blocksplorer
marvec,blockbuilder
mary32,blockbuilder
marziafm,blockbuilder
masatos7,knight
masciarra,blockbuilder
mashehu,blockbuilder
mashi123,blockbuilder
mastereuromedias,blockbuilder
mathewjshaw,blockbuilder
mathewsp79,blockbuilder
mathnathan,blockbuilder
mathusuthan,blockbuilder
matt-e-king,blockbuilder
matt-erhart,blockbuilder
matt1306,blockbuilder
matt81m,manual
mattbeevor,blockbuilder
mattborn,stackoverflow
mattdh666,manual
mattgiguere,blockbuilder
matthewepler,blockbuilder
matthewschumwinger,manual
mattrice,blockbuilder
mattsacks,manual
mattsmithGitHub,knight
mattsrinc,blockbuilder
mattwoelk,manual
mattykuch,knight
maurop123,blockbuilder
mavaron,blockbuilder
maw246,stackoverflow
maxcell,stackoverflow
mayumikubo,blockbuilder
mayumuro,blockbuilder
mbaba,knight
mbaybay,blockbuilder
mbodenator,blockbuilder
mbostock,blocksplorer
mcampillo,blockbuilder
mcatjr,blockbuilder
mccannf,stackoverflow
mccreelake,blockbuilder
mcgovemc,blockbuilder
mcgovey,blockbuilder
mchengye,blockbuilder
mchew7,blockbuilder
mcqnyc,blockbuilder
mcrosby114,blockbuilder
mcthorn,blockbuilder
mdahlhausen,blockbuilder
mdavolio,blockbuilder
mdcscry,blockbuilder
mdesenfants,blockbuilder
mdwragg,blockbuilder
me1er,blockbuilder
meborn,blockbuilder
mebrein,blockbuilder
meetamit,stackoverflow
meghanhoyer,knight
mejarc,blockbuilder
melalj,manual
melcri86,knight
meli-lewis,blockbuilder
mendozaline,knight
menglewis,blockbuilder
mercantilism,blockbuilder
mercicle,manual
merelyanode,knight
metmajer,stackoverflow
meveritt,manual
meynet-salesforce,blockbuilder
meysamabl,blockbuilder
mfgjunqueira,knight
mfincker,blockbuilder
mfolnovic,stackoverflow
mforando,blockbuilder
mfrazie2,blockbuilder
mgbecerra,blockbuilder
mgeh,blockbuilder
mgold,blocksplorer
mgoold,manual
mhauserr,stackoverflow
mhfcb,blockbuilder
mhipley,blockbuilder
mhseiden,blockbuilder
mhuang22,blockbuilder
miballe,blockbuilder
micahstubbs,blocksplorer
michaelhood,blockbuilder
michaelolo24,blockbuilder
michalmatwie,blockbuilder
michalskop,blocksplorer
michellecarney,blockbuilder
michquig,knight
mickeykedia,blockbuilder
microbinson,blockbuilder
miguelvb,blockbuilder
migurski,manual
mijbel,blockbuilder
mike,blocksplorer
mikecostelloe,blocksplorer
mikelmadina,knight
miketahani,manual
mikewillems,blockbuilder
mikeyao,blockbuilder
mileshd,blockbuilder
milroc,blocksplorer
minchihu,blockbuilder
ming-codes,blockbuilder
mintoppi,blockbuilder
mintoppii,blockbuilder
missleigh,knight
missmee,knight
mitchparker,blockbuilder
mitchzayas,knight
mjamei,blockbuilder
mjdudak,blockbuilder
mjgrafix,knight
mjhoy,manual
mjkuan,blockbuilder
mjmaenner,manual
mkadeline,blockbuilder
mkalebic,blockbuilder
mkdavis,blockbuilder
mkessy,stackoverflow
mkfreeman,manual
mkultra88,blockbuilder
mmmatthew,manual
mmparker,manual
mn5c,blockbuilder
mnjaya,blockbuilder
mnorelli,blockbuilder
mohamed-ali,stackoverflow
mohhasbias,blockbuilder
mohituniyal,blockbuilder
momonga1085,blockbuilder
mones-cse,blockbuilder
monfera,blocksplorer
monicametzger,blockbuilder
monkeybeth,knight
monkeycycle,blockbuilder
montanonic,blockbuilder
moorthi07,blockbuilder
mootari,blockbuilder
moritzstefaner,manual
morris-udemy,blockbuilder
mortenjohs,stackoverflow
mosley812,blockbuilder
mostaphaRoudsari,blockbuilder
mountainsophist,knight
mozamomomoro,blockbuilder
mpbastos,blockbuilder
mph006,blocksplorer
mpmckenna8,blocksplorer
mporkola,blockbuilder
mr23,manual
mraad,blockbuilder
mrchocoborider,blockbuilder
mrchrisadams,blockbuilder
mriwin,blockbuilder
mro4354,blockbuilder
mrx2000,blockbuilder
mscbuck,blockbuilder
msd05,blockbuilder
mskeving,blockbuilder
msqr,stackoverflow
mstackmann,blockbuilder
mstaicu,blockbuilder
mswarzenski,manual
mtranggit,blockbuilder
muenchdo,blockbuilder
mukeshpathak345,blockbuilder
mukhtyar,blockbuilder
mundhradevang,manual
muratabur,blocksplorer
muratcorlu,blockbuilder
mushon,manual
musically-ut,stackoverflow
mvanegas10,blockbuilder
mxfh,blockbuilder
mydu,blockbuilder
mygnu,blockbuilder
mza,blockbuilder
n1n9-jp,manual
nabey,blockbuilder
nacmonad,blockbuilder
nadeschda,knight
nadiasc,knight
naehrstoff,manual
nagakiran,blockbuilder
naistkk,blockbuilder
naka93,blockbuilder
namibian15,blockbuilder
namjae,blockbuilder
nanafwu,blockbuilder
nandakumar8,blockbuilder
naosaito,blockbuilder
naotoyamaguchi,blockbuilder
naoyak,blockbuilder
narley,blockbuilder
nascif,manual
nashrampy,blockbuilder
nastasi7,manual
natehardy,blockbuilder
natemiller,manual
nathanhoad,blockbuilder
nathanielw,blockbuilder
natlungfy,blockbuilder
naturalsoda,blockbuilder
nazeem123,blockbuilder
nbackas,blockbuilder
nbonneel,blockbuilder
nbremer,blocksplorer
ndaly500,blockbuilder
ndarville,blockbuilder
ndlv,blockbuilder
ndrberna,blockbuilder
nealhorner,blockbuilder
neerajt,blockbuilder
nehiljain,blockbuilder
neilsonwilson,blockbuilder
nellmooney,blockbuilder
nelsonminar,blocksplorer
nepomunich,knight
nesterone,blockbuilder
newsummit,blockbuilder
ngchwanlii,blockbuilder
ngopal,blocksplorer
nguyenbq,blockbuilder
nguyenntngocbich,blockbuilder
nhanitvn,manual
niavivek,blockbuilder
nickdiakopoulos,manual
nicklewis96,blockbuilder
nicklolsen,blockbuilder
nicksrandall,blockbuilder
nicolasRdr,blockbuilder
nicolettehayes,blockbuilder
nicosommi,blockbuilder
nigelramdial,blockbuilder
nightire,blockbuilder
niila,blockbuilder
nik-lampe,blockbuilder
nikhilkardale,knight
nikhilkumar80,blockbuilder
nikkev,blockbuilder
nikolaithomas,blockbuilder
nikori,blockbuilder
nilanjenator,stackoverflow
nilkanthjp,blockbuilder
ninestar09,blockbuilder
ninjaPixel,blockbuilder
ninjapixel,blocksplorer
nirgn975,blockbuilder
nisenice,blockbuilder
nitaku,manual
nitanagdeote,blockbuilder
nivas8292,blocksplorer
nixsee,blockbuilder
njsfield,blockbuilder
njvack,blocksplorer
nkelner,blockbuilder
nkeramaris,blockbuilder
nkhn0307,blockbuilder
nklunder,blockbuilder
nmendes,blockbuilder
nmu,manual
nneal1213,blockbuilder
noelledusahel,blockbuilder
noelnamai,blockbuilder
nohevog1,blockbuilder
nohman20,blockbuilder
nokiko,blockbuilder
norrs,stackoverflow
nose12,blockbuilder
nowaller,blockbuilder
nowherenearithaca,blockbuilder
npashap,blocksplorer
npch,blockbuilder
nqbao,blockbuilder
nrams002,blockbuilder
nsomanna,blockbuilder
nsonnad,manual
nstawski,manual
nstets,blockbuilder
nstrayer,blockbuilder
nthitz,manual
ntwieneke,blockbuilder
nuernber,stackoverflow
nujabes,blockbuilder
nuno-agostinho,blockbuilder
nunojpg,blockbuilder
nvenkataraman1,knight
ny8nine,blockbuilder
nychi713,blockbuilder
nydame,manual
nyem69,blockbuilder
nyssachennubhotla,blockbuilder
oaquintero10,blockbuilder
ob,blockbuilder
ocarneiro,blockbuilder
octaviomtz,blockbuilder
officeofjane,manual
ofutondaisuki,blockbuilder
ogdabaum,knight
ohadsas,blockbuilder
ohdebby,blockbuilder
ohesoh,blockbuilder
oikonang,blockbuilder
ojaneeo,blockbuilder
okiloco,blockbuilder
okt,blockbuilder
olegdovger,blockbuilder
olithissen,blockbuilder
oliviac12,blockbuilder
oluckyman,blocksplorer
omarterp,blockbuilder
omicsnut,blockbuilder
omidantilong,knight
oncletom,manual
oneryandunn,knight
oosakimami,blockbuilder
oravecz,blockbuilder
orchestor,blockbuilder
oroojo,blockbuilder
osahyoun,blockbuilder
osoken,manual
osopanda,blockbuilder
otevet,blockbuilder
overberger,knight
ovvn,blockbuilder
owain-stratton,blockbuilder
owen-dall,blockbuilder
owenr,blockbuilder
oyoshitomo,blockbuilder
ozanyusufoglu,blockbuilder
ozcanka,blockbuilder
p3k,blockbuilder
pabarber,blockbuilder
pamtobey,knight
panamantis,blockbuilder
pandafulmanda,blockbuilder
paobetancur18,blockbuilder
parayiv,blockbuilder
parnelandr,stackoverflow
paseman,blockbuilder
pathowe,knight
patiencehaggin,blockbuilder
patmartin,blocksplorer
patmolloy,knight
patrickkeating,blockbuilder
patricknelli,blockbuilder
patrickr,blockbuilder
patrickstotz,blocksplorer
patricksun2011,manual
patricksurry,manual
patternproject,blockbuilder
paulbailey,blockbuilder
paulgovan,blockbuilder
paulmooring,blockbuilder
paulovn,stackoverflow
paulrosenzweig,manual
paulsmith,manual
paulsuda,blockbuilder
paultanger,blockbuilder
pavanMirlaManulife,blockbuilder
pavelloz,blockbuilder
paylakatel,blockbuilder
pbellon,blockbuilder
pberden,manual
pbishop16,blockbuilder
pbogdude,blockbuilder
pbywater,blockbuilder
pcj,blocksplorer
pdaengeli,blockbuilder
peakera,blockbuilder
pedfx,blockbuilder
pedrotavaresgoncalves,blockbuilder
pennwu1,blockbuilder
penti023,blockbuilder
perimosocordiae,blockbuilder
peripherie,knight
perkyguy,blockbuilder
peterbsmith2,blocksplorer
peterchappell,blockbuilder
peterqliu,blocksplorer
peterrowland,blockbuilder
peterschretlen,blockbuilder
peterschussheim,blockbuilder
peterssonjonas,stackoverflow
pgpGithub,blockbuilder
phil-pedruco,stackoverflow
philgyford,stackoverflow
philjones,blockbuilder
phillipadsmith,manual
philmein23,blockbuilder
phoebebright,blocksplorer
photusenigma,blockbuilder
phtseng,knight
phuonghuynh,stackoverflow
picksg,blockbuilder
pierandrea,knight
pierrelorioux,manual
pierreminik,blockbuilder
pietronencia,knight
piggysmacks,knight
piyushbhargava7,blockbuilder
pkd2512,blockbuilder
plaeski,blockbuilder
playwellsteve,manual
plebras,blockbuilder
plmrry,blockbuilder
pmak22,knight
pmariac,blockbuilder
pmccanney,blockbuilder
pmdartus,manual
pmeinshausen,manual
pmia2,blockbuilder
pmirla,blockbuilder
pmplewa,blockbuilder
pnavarrc,blocksplorer
podviaznikov,blockbuilder
poezn,blocksplorer
pointyface,knight
pollardJ,blockbuilder
ponach,blockbuilder
popkinj,blockbuilder
porfirioribeiro,blockbuilder
post-uk,blockbuilder
potluri84,blockbuilder
pram,blockbuilder
prasadchikane,blockbuilder
prashanth-sriram,blockbuilder
pravin0999,blockbuilder
princejwesley,blockbuilder
proclamo,blocksplorer
programng,blockbuilder
prudentmildew,knight
pstuffa,blockbuilder
ptah23,blockbuilder
ptrfrncsmrph,blockbuilder
ptrikutam,manual
ptvans,manual
puria,blockbuilder
puripant,blockbuilder
purmac,blockbuilder
puzzler10,blocksplorer
pvomelveny,blockbuilder
pwrignall,blockbuilder
qaisarmehmood,blockbuilder
qneutron,blockbuilder
qorrect,blockbuilder
quinnhj,manual
quizzicol,blockbuilder
rSSi,blockbuilder
rabinneslo,blockbuilder
rachelthorp,blockbuilder
rachelwalexander,knight
rachelzhang1115,blockbuilder
radiesel,blockbuilder
radiocontrolled,stackoverflow
radosavljevic,blockbuilder
raf-1,blockbuilder
rafidude,blockbuilder
raghavshyam,knight
ragut,blockbuilder
rahferom,blockbuilder
rahimramzan,blockbuilder
raigu,blockbuilder
raiyaj,blockbuilder
rambler,knight
ramnathv,blocksplorer
ramspoluri,blockbuilder
ramtob,blockbuilder
random-9,blockbuilder
randomblink,stackoverflow
randometc,manual
randyf99,blockbuilder
rankode,blockbuilder
rasheedhamdawi,blockbuilder
rasou2ba,blockbuilder
ratnakarv,stackoverflow
rauldiazpoblete,blockbuilder
raulisa,knight
ravenwing,manual
rayeip,knight
rayfrye,knight
raywang13,blockbuilder
razvantomegea,blockbuilder
rbemis,blockbuilder
rcanepa,blockbuilder
rcgraff,blockbuilder
rcmoore38,blockbuilder
rcrocker13,manual
rdebled,blockbuilder
rebih,blockbuilder
redblobgames,manual
redpanda77,blockbuilder
reedml,knight
reesette,knight
reformaP,blockbuilder
reinson,blockbuilder
remarks,blockbuilder
renecnielsen,manual
rengel,manual
rengel-de,stackoverflow
renschler,blocksplorer
rentzso,blockbuilder
resolutionfoundation,knight
resonatingDesign,blockbuilder
rf-blanco1140,blockbuilder
rfeie,blockbuilder
rflow,manual
rfrankel,blocksplorer
rgdonohue,blockbuilder
ricardofelippe,blockbuilder
riccardod,blockbuilder
ricchan0408,blockbuilder
richardwestenra,manual
richieM,blockbuilder
rickdg,manual
ridget,blockbuilder
rieasaji,blockbuilder
rigoleto,blockbuilder
rijine,blockbuilder
rikitz,blockbuilder
rinziv,blockbuilder
rishabh2020,blockbuilder
rishabhfitkids,blockbuilder
ritacorreia1976,knight
ritchieking,blockbuilder
riwstep,blockbuilder
riyazshaikh,blockbuilder
rjbma,blockbuilder
rjmundt,blockbuilder
rjurney,blockbuilder
rjweise,knight
rkirsling,blocksplorer
rkophs,manual
rlbarter,blockbuilder
rlugojr,blockbuilder
rmar5h,blockbuilder
rmarimon,blocksplorer
rmews,blockbuilder
rmtrailor,blockbuilder
rnella01,blockbuilder
roachhd,blocksplorer
robbintt,blockbuilder
robertpenner,blockbuilder
robertrouse,blockbuilder
robmmcallister,blockbuilder
robraytaylor,blockbuilder
robschmuecker,manual
roburidge,blockbuilder
rodtheovip,blockbuilder
rogerfischer,manual
rohankoid,blockbuilder
rohans90,blockbuilder
rohitpraks,blockbuilder
roldatasci,blockbuilder
rolmax1,blockbuilder
romanciloci,blockbuilder
romsson,manual
ronikobrosly,blockbuilder
ronmac,blockbuilder
ropeladder,blockbuilder
roseak,blockbuilder
roundrobin,manual
roxpanda,blockbuilder
rpcarn,blockbuilder
rpgove,blocksplorer
rphv,stackoverflow
rpowelll,stackoverflow
rrherr,blockbuilder
rschuman,blockbuilder
ruchirtewari,blockbuilder
ruchowdh,blockbuilder
ruigomesnunes,blockbuilder
ruimgbarros,blockbuilder
ruisizhang,blockbuilder
rustam-crunch,blockbuilder
rustyrobison,blockbuilder
ruudkarthick,blockbuilder
rvalerob,knight
rvanderve,blockbuilder
rveciana,blockbuilder
rvross,blockbuilder
rwaldin,stackoverflow
rwjlee,blockbuilder
rx7,blockbuilder
ryan258,blockbuilder
s-yasutomi,blockbuilder
s92wang96,blockbuilder
sabeehtaqi,blockbuilder
sadbumblebee,blockbuilder
sagarc03,blockbuilder
saifulazfar,blockbuilder
sajudson,blockbuilder
salesdj,blockbuilder
salinacheung,blockbuilder
sallen927,knight
salvob41,blockbuilder
samehelhakim,blocksplorer
samhogg,blockbuilder
samirgambhir,knight
samirrayani,manual
samjamin,blockbuilder
samodrole,blockbuilder
samomatik,blockbuilder
samosale,blockbuilder
sampath-karupakula,blockbuilder
sampathweb,manual
samselikoff,manual
samudary,blockbuilder
samuelleach,manual
samurainamedmarcus,blockbuilder
sandeepedara,blockbuilder
sandymule,blockbuilder
sangallimarco,blockbuilder
sangjaebae,knight
saniman,blockbuilder
sannehombroek,blockbuilder
santeyio,blockbuilder
sara-maria,blockbuilder
sarahfateen,blockbuilder
saraquigley,blocksplorer
sarnobat,blockbuilder
sarriola,blockbuilder
sartra,blockbuilder
sarubenfeld,blockbuilder
sashamaryl,blockbuilder
satacroteam,blockbuilder
sathomas,blocksplorer
satmiya,blockbuilder
satotake,blockbuilder
satzz,blockbuilder
sauravvenkat,blockbuilder
savinip,knight
savioabuga,blockbuilder
savkevip,blockbuilder
sawasawasawa,blockbuilder
sayedisrar,blockbuilder
sbassett,blockbuilder
sberkayilmaz,blockbuilder
sberthely,blockbuilder
sbh4th,blockbuilder
sbhargava24,blockbuilder
sblack4,blockbuilder
sboak,manual
sbreslav,stackoverflow
sbrks,blockbuilder
sbrudz,blockbuilder
schancock,blockbuilder
schnerd,blockbuilder
schuhmzp,blockbuilder
sciOzzi,blockbuilder
scko823,blockbuilder
sconner,knight
scorchiowned,blockbuilder
scottkildall,blockbuilder
scottlittle,blockbuilder
scottpham,blockbuilder
scotttboone,blockbuilder
scresawn,blockbuilder
scrodaddy,knight
sdalo2,blockbuilder
sdbernard,knight
sean-lynch,blockbuilder
seaodder,blockbuilder
seataked,blockbuilder
sebg,blocksplorer
seekq,blockbuilder
seemantk,blocksplorer
seliopou,manual
semirturgay,blockbuilder
senthilthyagarajan,blockbuilder
sephcoster,blockbuilder
sergzak022,blockbuilder
serouvivek,blockbuilder
serra,blockbuilder
serunkuma,blockbuilder
seschultz,blockbuilder
sethhamblin,knight
sethkontny,blockbuilder
sfrechette,knight
sgcc,blockbuilder
sghidek,knight
sgrastar,blockbuilder
sgruhier,blockbuilder
shahbaaz,blockbuilder
shahsarick,blockbuilder
shampshire,knight
shanalpay,blockbuilder
shancarter,stackoverflow
shanthoshs,blockbuilder
sharonp17,blockbuilder
shaun10,blockbuilder
shaundunne,manual
shawn-txus,blockbuilder
shawnbot,blockbuilder
shawnmath,blockbuilder
sheepolata,blockbuilder
sheffieldhale,blockbuilder
sheillendra,blockbuilder
shidianshifen,blockbuilder
shimizu,blocksplorer
shirishdhar,blockbuilder
shirshanka,blockbuilder
shisuili,blockbuilder
shiyuugohirao,blockbuilder
shkao,blockbuilder
shobhitg,manual
shrego,manual
shresh02,blockbuilder
shrimats,blockbuilder
shrutijadon0992,blockbuilder
shubhgo,manual
shyamamo,blockbuilder
siakan,blockbuilder
sibelius,blockbuilder
sidmech2006,blockbuilder
siemvaessen,blockbuilder
sifbuilder,blockbuilder
sigmalist,blockbuilder
silentway,manual
silic0ns0ul,blockbuilder
simmonslk,knight
simonbreton,blockbuilder
simoooooon,blockbuilder
simzou,blockbuilder
sinclarius,blockbuilder
sirahd,blockbuilder
sirmycroft,blockbuilder
sirparker,blockbuilder
sirwart,blockbuilder
sistemawebpro,blockbuilder
sistla234,blockbuilder
sitecorian,blockbuilder
sivakumar-kailasam,blockbuilder
sivartravis,blockbuilder
sjbliss,knight
sjengle,blockbuilder
sjesupaul,blockbuilder
sjhavanur,blockbuilder
sjones88,blockbuilder
sjorsw,blockbuilder
skaltman,blockbuilder
skbolton,blockbuilder
skimlik,blockbuilder
skiwether,manual
skokenes,blockbuilder
skoslitz,blockbuilder
slattery,blockbuilder
slayerscouts,blockbuilder
slhstudio,blockbuilder
sliu72,blockbuilder
slobodan,blockbuilder
slothinCode,blockbuilder
sly7-7,blockbuilder
smashbucket,blockbuilder
smbi99,blockbuilder
smbriones,knight
smckissock,blockbuilder
smhrjn,blockbuilder
smilanko,blockbuilder
smilli,blocksplorer
smith13mr,blockbuilder
smithant,blockbuilder
smucode,blockbuilder
sniperliu,blockbuilder
snowshine09,blockbuilder
soccermatics,blockbuilder
soezen,blocksplorer
sogokyo,blockbuilder
sohaibghani1,blockbuilder
solenoid,blockbuilder
soliverost,blockbuilder
sonbe,blockbuilder
sonhanguyen,blockbuilder
sonisick,blockbuilder
sophieshao,blockbuilder
sophkat96,blockbuilder
soren123,knight
soyjavi,blocksplorer
spaceactuary,manual
speedryan,blockbuilder
spelkey1,blockbuilder
spencer-haley,blockbuilder
spencercarstens,manual
spences10,blockbuilder
sporange,knight
spulikat,blockbuilder
sqldevops,blockbuilder
srajabhoj,blockbuilder
srikantik,blockbuilder
srinivashavanur,blocksplorer
ss1993,blockbuilder
ssalcido,knight
ssaleh2,blockbuilder
ssdatar,manual
ssmaroju,knight
ssmith151,blockbuilder
ssongalice,knight
sstrool,knight
st4rgut22,blockbuilder
stain-win,blockbuilder
stanislasleroy,blockbuilder
starlord18,blockbuilder
starrjulie,blockbuilder
startupshinjuku,blockbuilder
statgeek,blockbuilder
stayce,blockbuilder
stefan505,blockbuilder
stefanhagiu,blockbuilder
stelt,blockbuilder
stephanieguo,manual
stephen-hoover,blockbuilder
stephen101,stackoverflow
stepheneb,stackoverflow
stephengo,blockbuilder
stephenhuh,blockbuilder
stevage,blockbuilder
steveharoz,blocksplorer
stevenZlai,blockbuilder
stevenae,stackoverflow
stevenwmarks,blockbuilder
stevesong,blockbuilder
stewartnoyce,blocksplorer
steyUSFCA,blockbuilder
stjacqrm,blockbuilder
stoneb344,blockbuilder
stoneyv,blockbuilder
stormpython,manual
stoutcb,blockbuilder
strangerze,blockbuilder
strictlymomo,blockbuilder
strvenxy,blockbuilder
sudeepdas,manual
sudeepsr,blockbuilder
sugasaki,blockbuilder
sugeerth,blockbuilder
sugi2000,blockbuilder
suginokisugita,blockbuilder
suhasdeshpande,blockbuilder
sujal99,blockbuilder
suki2691,blockbuilder
sumanthpopuri567,blockbuilder
sumbera,blocksplorer
sumihiro303,blockbuilder
sunJobAc,blockbuilder
sunilchandra007,blockbuilder
sunnya97,blockbuilder
sunzj1989,blockbuilder
superMDguy,blockbuilder
supereggbert,manual
superj4,blockbuilder
superphung,blockbuilder
superstooge,blockbuilder
supertrasher,blockbuilder
surabhishankar,blockbuilder
suresh3192,blockbuilder
sushikoira,blockbuilder
susielu,manual
suzuta123,blockbuilder
svetvaz,blockbuilder
swazza,blockbuilder
swedendrift,blockbuilder
sxv,blocksplorer
sxywu,blocksplorer
syntagmatic,blocksplorer
szeitlin,blockbuilder
t-r-w,blockbuilder
tacastillo,blockbuilder
tafsiri,blockbuilder
taguscove,blockbuilder
taigereye,blockbuilder
tak7iji,blockbuilder
takahashixx,blockbuilder
takahiroshinchi,blockbuilder
takashi-maruyama-asura,blockbuilder
talithawashington,blockbuilder
tanberges,blockbuilder
tandemungwa,blockbuilder
tanoshiik,blockbuilder
tansansui0301,blockbuilder
tanya53,blockbuilder
tanykim,manual
taotejacob,blockbuilder
tarekrached,manual
tavo91,blockbuilder
tbarbaro,blockbuilder
tcardozo,blockbuilder
tcbtcb,blockbuilder
tchaymore,stackoverflow
tcwood,blockbuilder
tdaya,blockbuilder
tdhock,manual
teachrdan,blockbuilder
teatreelee,blockbuilder
teffland,blockbuilder
tejaser,blockbuilder
teleject,blockbuilder
tepedizzle,blockbuilder
tephsta,blocksplorer
terbo,blockbuilder
teresagd,blockbuilder
terurium,blockbuilder
tetsuyatmk,blockbuilder
tfaulk25,blockbuilder
tforsberg,blockbuilder
tgsuarez,blockbuilder
th3od0re,blockbuilder
thadk,blockbuilder
thanisata,blockbuilder
thatkidralph,blockbuilder
thatsumit,blockbuilder
thayashi,blockbuilder
the13fools,blocksplorer
theMcliston,blockbuilder
theRocket,blockbuilder
thechutrain,blockbuilder
thecodingmonkey,blockbuilder
thecristen,blockbuilder
thedod,stackoverflow
thejbru,blockbuilder
thejenbo,blockbuilder
thepetemonster,blockbuilder
theredpea,blockbuilder
theresaslee,blockbuilder
thewazir,blockbuilder
thiagodebastos,blockbuilder
thiagosawada,blockbuilder
thierryc,blockbuilder
thlorenz,blocksplorer
thoma2nm,blockbuilder
thomasdobber,blockbuilder
thomasg77,manual
thomasgpadilla,knight
thomasgwatson,manual
thomashibbard,blockbuilder
thomasvbrown,blockbuilder
thomaxyu001,blockbuilder
thomgoodman,blockbuilder
thompspe,blockbuilder
thorWahlestedt,blockbuilder
thordav,manual
threestory,knight
thudfactor,stackoverflow
thuff,blockbuilder
thulse,blockbuilder
tianarose,blockbuilder
tianhongjie,blockbuilder
tibotiber,blockbuilder
tim-hyon,blockbuilder
timdamra,blockbuilder
timelyportfolio,blocksplorer
timhall,blockbuilder
timjp87,blockbuilder
timmeko,blockbuilder
timoschmitz,blockbuilder
timsny,knight
timvarga,blockbuilder
tizon9804,blockbuilder
tjdecke,stackoverflow
tjpeden,blockbuilder
tkayne23,blockbuilder
tkb,blockbuilder
tkjone,blockbuilder
tlfrd,blockbuilder
tmcw,manual
tmthyjames,manual
tnhu,blockbuilder
tnightingale,manual
tobidope,blockbuilder
tocush,blockbuilder
tomcardoso,blockbuilder
tomepejo,blockbuilder
tomerd,stackoverflow
tomgeurts,blockbuilder
tomgp,blocksplorer
tomkelly000,stackoverflow
tomm1990,blockbuilder
tommct,stackoverflow
tomshanley,blocksplorer
tomy8910,blockbuilder
tomyogms,blockbuilder
tonmcg,blockbuilder
tony-garcia,manual
tonyfujs,blockbuilder
tonyhschu,manual
tonystark404,blockbuilder
tophtucker,blocksplorer
tortillaj,blockbuilder
toskolina,knight
tovare,knight
toxford,knight
tpham27,blockbuilder
tpreusse,manual
tracyruan007,blockbuilder
trancecoder,blockbuilder
trautlein,blockbuilder
travishjames,blockbuilder
trebor,blockbuilder
treboresque,manual
tremulous,blockbuilder
trinary,blocksplorer
trinile,blockbuilder
trishsky,knight
troygreen,blockbuilder
truth-digger,blockbuilder
tsarafchavez,blockbuilder
tsukisob,blockbuilder
tsunilly,blockbuilder
tsutsuim,blockbuilder
tsvetann,blockbuilder
turban,manual
tvanantwerp,blockbuilder
tvirot,manual
tw15egan,blockbuilder
twelch,blockbuilder
twlynch,blockbuilder
tylermachado,blocksplorer
tynman,blockbuilder
tyramoss,knight
tzipp,blockbuilder
u1rotsuji,blockbuilder
uafrazier,knight
ufenegga,manual
ugurcanatas,blockbuilder
uicoded,blockbuilder
ulukfuni,blockbuilder
ulynnej,blockbuilder
unbelievablehulk,blockbuilder
undefined,knight
ungentilgarcon,blockbuilder
uniquegino,blockbuilder
unnoy,blockbuilder
unquieted,blockbuilder
upphiminn,manual
uptownnickbrown,blockbuilder
urdinblu,knight
uredkar,blockbuilder
urimtal,knight
utakase,blockbuilder
vanceingalls,manual
vanshady,manual
vasturiano,blocksplorer
vbud,manual
vchouksey,blockbuilder
vdepoorter,blockbuilder
vedantmehta,blockbuilder
vedants,blockbuilder
veenaram29,blockbuilder
veltman,blocksplorer
veritas1uxmea,manual
vfxguru001,blockbuilder
vgchamar,blockbuilder
vgvenkat,blockbuilder
vicapow,blocksplorer
vicblg,blockbuilder
vickygisel,blockbuilder
victorwltsang,blockbuilder
vikashiscool,blockbuilder
villematti,blockbuilder
vinayaugustine,blockbuilder
vinaygunnam,blockbuilder
vinayski,blockbuilder
vincz100,blockbuilder
vinnyA3,blockbuilder
vinnytsai,blockbuilder
virtuald,stackoverflow
visdockhub,manual
vishwakar,knight
visionscarto-infora,blockbuilder
visnup,manual
vizeducation,blockbuilder
vizualism,blockbuilder
vizzzhu,manual
vjpgo,stackoverflow
vla15,blockbuilder
vladimir-ivanov,blockbuilder
vladimirsoskin,blockbuilder
vlandham,blocksplorer
vmwhol,blockbuilder
vnkumar27,blockbuilder
vnluong,blockbuilder
voidmarcus,blockbuilder
voltdatalab,blockbuilder
voxmenthe,blockbuilder
vpascual,blockbuilder
vpletzke,blockbuilder
vswetha01,blockbuilder
vtpl1,blockbuilder
vwrideout,blockbuilder
w8r,blockbuilder
walkerjeffd,manual
wardcunningham,manual
warell,knight
waternova,blockbuilder
wazaahhh,manual
wbehr,blockbuilder
wboykinm,blocksplorer
wchuanghard,blockbuilder
wcjohnson11,blockbuilder
wcraft,blockbuilder
wearconverse,blockbuilder
webhipster,blockbuilder
weiglemc,blockbuilder
wendelcosta,blockbuilder
wenzelmk,blockbuilder
wenzhaoduo,blockbuilder
wernersa,blockbuilder
wesleydean,blockbuilder
wholegrainmultigrain,blockbuilder
widged,blocksplorer
wiinci,blocksplorer
wilhelma,blockbuilder
williamsjriley,blockbuilder
williaster,blockbuilder
willroj,blockbuilder
willytfe,blockbuilder
wilsonurco,blockbuilder
wimbr,knight
windyinsc,blockbuilder
winkler1,blockbuilder
winnebag,blockbuilder
winnydejong,blockbuilder
witayadroid,blockbuilder
wjones127,blockbuilder
wjzabs,blockbuilder
wlsanders,blockbuilder
wmandrews,blockbuilder
wmarcos,knight
wmerrow,knight
wolfhoundjesse,blockbuilder
wonga00,manual
woobe,blocksplorer
wooltar,blockbuilder
workstudy40,blockbuilder
wqm9425,blockbuilder
wrenr,blockbuilder
wrigh3tl,blockbuilder
wrobstory,manual
wsreedy,knight
wwwebb42,knight
wwymak,blockbuilder
wykbill03,blockbuilder
wykhuh,knight
x9xjdzz9eaeeghcrar9c,blockbuilder
xBau,blockbuilder
xaranke,blocksplorer
xavcz,blockbuilder
xaviergimenez,manual
xdavio,blockbuilder
xiaonaitong,manual
xindeling,blockbuilder
xsurge83,blockbuilder
y0na4an,blockbuilder
y3l2n,blockbuilder
yahsee,knight
yaimapp,blockbuilder
yamina36,blockbuilder
yanagiwa,blockbuilder
yanhann10,blockbuilder
yanofsky,stackoverflow
yaph,blocksplorer
yassineAlouini,blockbuilder
ydenega,blockbuilder
yeex1490,blockbuilder
yesoreyeram,manual
yifancui,blockbuilder
yiyichen,blockbuilder
yj7810520113,blockbuilder
ymnder,blockbuilder
ynbenson,blockbuilder
yohei42,blockbuilder
yoheikuroki,blockbuilder
yonester,manual
yonicd,blockbuilder
yonitru,manual
yopeyope,blockbuilder
yosiasz,blockbuilder
youngbh,blockbuilder
yousra25,blockbuilder
yppmark,knight
ytnk3a,blockbuilder
yudetamagokinnikuman,blockbuilder
yuichiyyyyy,blockbuilder
yuichy,blockbuilder
yukibotch,blockbuilder
ywwhack,blockbuilder
yy9939kk,blockbuilder
yylin-rs,blockbuilder
zaccagbj,blockbuilder
zachmargolis,manual
zachschalk,knight
zachzeus,knight
zakinthebox,blockbuilder
zamfi,blockbuilder
zanarmstrong,blocksplorer
zawmoelwin,blockbuilder
zbassett,blockbuilder
zebathon,blockbuilder
zeekay,blockbuilder
zeffii,manual
zgambill,blockbuilder
zhaopan0558,blockbuilder
zhuxinereach,blockbuilder
zidom,blockbuilder
ziedhajsalah,blockbuilder
zikes,blockbuilder
zindlerb,blockbuilder
zjhiphop,blocksplorer
zjonsson,blocksplorer
zmeers,blockbuilder
zoehartland,blockbuilder
zono1125,blockbuilder
zrlram,stackoverflow
zross,manual
zubcarz,blockbuilder
zukethenuke,blockbuilder
zuzap,manual
zzolo,blockbuilder